ds_id,filename,repository_path,canonical_uri,title,description,category,artifact_type,json_schema_dialect,lifecycle_state,record_status,specification_version,schema_dependencies,dependent_schemas,rtm_mapping_basis,rtm_ids,arm_ids,ns_ids,cr_ids,sha256,assigned_date,notes,last_modified_date,supersedes
DS-001,common.json,schemas/common.json,https://agcp.ai/schemas/common.json,AGCP Common Types,Shared JSON Schema definitions actively required by the AGCP v2.0 schema set. Canonical domain objects and result/reference definitions are owned by their assigned DS schemas; backward-compatibility aliases are not retained.,Common Infrastructure,JSON Schema,https://json-schema.org/draft/2020-12/schema,Implemented,Active,v2.1.0,DS-006;DS-007;DS-008;DS-020;DS-040;DS-041;DS-043,DS-002;DS-003;DS-004;DS-005;DS-006;DS-007;DS-008;DS-009;DS-010;DS-011;DS-012;DS-013;DS-014;DS-015;DS-017;DS-018;DS-019;DS-020;DS-021;DS-022;DS-023;DS-024;DS-025;DS-026;DS-027;DS-028;DS-029;DS-030;DS-031;DS-032;DS-033;DS-034;DS-035;DS-036;DS-037;DS-038;DS-039;DS-040;DS-041;DS-042;DS-043;DS-044;DS-045;DS-050;DS-052;DS-053,"RTM-00005 / CR-005 maps the canonical provenance wire schema and IF-001. RTM-00042, RTM-00052, RTM-00064, and RTM-00066 map the generic algorithm-explicit content-digest contract for replay, Canonical State, evidence, and receipt integrity.",RTM-00005;RTM-00042;RTM-00052;RTM-00064;RTM-00066,ARM-101;ARM-102;ARM-103;ARM-104;ARM-105;ARM-106;ARM-107;ARM-108;ARM-201;ARM-202;ARM-203;ARM-204;ARM-205;ARM-206;ARM-207;ARM-208;ARM-209;ARM-210;ARM-211;ARM-212;ARM-213;ARM-214;ARM-215;ARM-216;ARM-217;ARM-302;ARM-308;ARM-401;ARM-402;ARM-403;ARM-404;ARM-405;ARM-406;ARM-601;ARM-602;ARM-603;ARM-604;ARM-605;ARM-606;ARM-701;ARM-702;ARM-703;ARM-704;ARM-801;ARM-802;ARM-803;ARM-804,NS-4.12A-01;NS-4.12A-02;NS-9.5-05;NS-17.5-04,CR-005;CR-042;CR-052;CR-064;CR-066,4e19559269e8183814087beca5b098b12e761a7f013513d430350bfab4328ec4,2026-07-22,Canonical AGCP shared-definition library. Provenance is synchronized with the normative wire format. P1-12 binds every supported content-digest algorithm to an exact lowercase-hexadecimal output length and deprecates algorithm-implicit hash_hex for new contracts. Reverse dependency metadata remains synchronized to the active graph.,2026-10-03,
DS-002,error_response.json,schemas/error_response.json,https://agcp.ai/schemas/error_response.json,AGCP ErrorResponse,Standard IF-001 error response. Public protected-resource lookup failures use RESOURCE_NOT_FOUND. Pre-governance throttling uses REQUEST_THROTTLED with HTTP 429 and Retry-After. Processing capacity unavailable before governance begins uses CAPACITY_UNAVAILABLE with HTTP 503. These transport/application errors are not Governance Outcomes.,Common Infrastructure,JSON Schema,https://json-schema.org/draft/2020-12/schema,Implemented,Active,v2.1.0,DS-001;DS-028,,Existing GitHub_File references in RTM-1.6; DS_ID populated in RTM-1.7.,RTM-00004;RTM-00010;RTM-00022;RTM-00026;RTM-00041;RTM-00048;RTM-00068;RTM-00073;RTM-00089;RTM-00090;RTM-00110;RTM-00113,ARM-101;ARM-105;ARM-108;ARM-204;ARM-601;ARM-701,NS-6.3-01;NS-6.1-01;NS-6.5-01;NS-6.6-01;NS-7.2-01;NS-6.7-01;NS-4.15-01;NS-6.4-01;NS-6.7-02;NS-6.3-02;NS-6.2-02;NS-6.1-02;NS-6.6-02;NS-6.7-03;NS-6.4-03;NS-6.6-03,CR-004;CR-010;CR-022;CR-026;CR-041;CR-048;CR-068;CR-073;CR-089;CR-090;CR-110;CR-113,1523cb73d1c8c91906c06ec52476d75ec7bb8eb28af61caad7635b2fee1ef766,2026-07-22,v2.0.4 P1-03/P1-09 correction: public 404 is normalized to RESOURCE_NOT_FOUND; REQUEST_THROTTLED requires 429 plus Retry-After; CAPACITY_UNAVAILABLE uses 503; transport/service conditions are not Governance Outcomes.,2026-10-03,
DS-003,meta_response.json,schemas/meta_response.json,https://agcp.ai/schemas/meta_response.json,AGCP Implementation Metadata Response,"Canonical DS-003 implementation metadata response. It advertises immutable AGCP baseline identity and digest, implementation profile identity and digest, schema and validator set integrity, active governance version, registries, conformance and capability claims, IF-001 contract identity, and optional public-safe deployment binding.",Common Infrastructure,JSON Schema,https://json-schema.org/draft/2020-12/schema,Implemented,Active,v2.1.0,DS-001;DS-020;DS-044,,"Direct implementation-conformance discovery mapping for claimed AGCP semantics and cross-implementation interoperability; DS-003 exposes explicit release, profile, schema-set, registry, conformance, capability, and interface evidence.",RTM-00010;RTM-00022;RTM-00026;RTM-00030;RTM-00041;RTM-00048;RTM-00050;RTM-00068;RTM-00070;RTM-00073;RTM-00080;RTM-00089;RTM-00090;RTM-00110;RTM-00113;RTM-00120,ARM-701;ARM-707;ARM-708,NS-3.6-01;NS-3.6-02;NS-3.7-01;NS-17.1-01;NS-17.2-02;NS-17.2-03;NS-17.3-01;NS-17.4-01;NS-17.4-02;NS-17.5-01;NS-17.5-02;NS-17.5-03;NS-17.6-01;NS-17.6-02;NS-17.6-03;NS-17.7-01;NS-17.7-02;NS-17.7-03;NS-17.8-01;NS-17.8-02;NS-17.8-03;NS-17.9-01;NS-17.9-02;NS-17.10-01;NS-17.10-02;NS-17.5-04,CR-010;CR-022;CR-026;CR-030;CR-041;CR-048;CR-050;CR-068;CR-070;CR-073;CR-080;CR-089;CR-090;CR-110;CR-113;CR-120,c8e034931dded953522a687ef1d84833e74f3855933145082b89b17ec3aecab6,2026-07-22,"v2.0.4 P1-14/P1-17 correction: metadata advertises immutable baseline and profile digests, schema and validator-set integrity, active governance version, IF-001 identity, and optional public-safe deployment binding.",2026-10-03,
DS-004,tenant.json,schemas/tenant.json,https://agcp.ai/schemas/tenant.json,AGCP Tenant Governance Record,"Canonical, attributable, versioned, integrity-protected Tenant governance record. DS-004 records the authoritative Tenant operational state and state version, append-only state history and transition basis, active and historical Governance Configuration versions, Tenant Governance Evidence, explicit Tenant and Governance Domain Isolation controls, registry bindings, and complete record integrity. It does not itself establish authority at commitment, authorize execution, or override Canonical State. Tenant/domain isolation extends through authoritative identity/authorization qualification, Governance Realization, PEP Profile selection, Enforcement Context, and PEP-mediated target authority where those mechanisms are in scope.",Common Infrastructure,JSON Schema,https://json-schema.org/draft/2020-12/schema,Implemented,Active,v2.1.0,DS-001;DS-006;DS-020;DS-024;DS-026;DS-040;DS-041;DS-043;DS-044,,"Direct implementation of Tenant operational-state enforcement and Tenant/Governance Domain Isolation, including current-state checks at evaluation and commitment, cross-tenant visibility/authority/execution/policy/evidence isolation, and attributable state/configuration history.",RTM-00006;RTM-00024;RTM-00025;RTM-00026;RTM-00027;RTM-00028;RTM-00029;RTM-00030,ARM-202;ARM-204;ARM-305;ARM-401;ARM-406;ARM-703;ARM-704;ARM-706;ARM-801,NS-7.4-03;NS-10.5-01;NS-10.8A-01;NS-10.9-02;NS-11.1-01;NS-11.1-02;NS-11.2-01;NS-11.2-02;NS-11.3-01;NS-11.3-02;NS-11.4-01;NS-11.4-02;NS-11.5-01;NS-11.5-02;NS-11.5-03;NS-11.6-03;NS-11.6-04;NS-11.7-01;NS-11.7-02;NS-11.7-03,CR-006;CR-024;CR-025;CR-026;CR-027;CR-028;CR-029;CR-030,dc3741e97f9693a6d86a9939f03bf19e474d9ffd4302976bef0adb0d1aff5ad8,2026-07-22,"Comprehensively updated for AGCP v2.0. DS-004 now records authoritative Tenant state and version, append-only attributable state history and transition basis, active and historical Governance Configuration versions, Tenant Governance Evidence, explicit isolation controls, registry bindings, provenance, signature, digest, and replay material. Unrestricted metadata and the shared Tenant-state alias were removed.",2026-10-03,
DS-005,policy_evaluation_module_artifact.json,schemas/policy_evaluation_module_artifact.json,https://agcp.ai/schemas/policy_evaluation_module_artifact.json,Policy Evaluation Module Artifact,"Canonical attributable, versioned, integrity-protected representation of a Policy Evaluation Module (PEM) artifact used to evaluate compiled governance policy semantics. DS-005 binds the module to source policies, Governance Configuration, deterministic Compilation Context, validated dependencies, Governance Artifact Lineage, Constitutional Validation, Governance Omission Analysis, Governance Self-Protection, Controlled Governance Activation, and Governance Version without itself establishing authority at commitment, determining Commit-Bound Admissibility, authorizing execution, activating governance, or committing a transition. Policy Evaluation Modules implement deterministic Governance Decision Function/PDP evaluation. They may consume DS-053 qualified identity/authorization input through declared schema bindings but do not perform Governance Realization or PEP enforcement.",Governance Artifact,JSON Schema,https://json-schema.org/draft/2020-12/schema,Implemented,Active,v2.1.0,DS-001;DS-006;DS-020;DS-041;DS-042;DS-043;DS-044,DS-006;DS-007;DS-008;DS-009,"Contextual and implementation-specific realization of Governance Compilation, deterministic Compilation Context, Compiled Governance Artifact validation, protected-governance preservation, omission analysis, self-protection, and Controlled Governance Activation for Policy Evaluation Modules.",RTM-00110;RTM-00111;RTM-00112;RTM-00113;RTM-00114;RTM-00117,ARM-501;ARM-502;ARM-503;ARM-506;ARM-507;ARM-508;ARM-509;ARM-510;ARM-511;ARM-512,NS-15.6A-01;NS-15.6A-02;NS-15.6A-03;NS-15.6A-04;NS-15.6B-02,CR-110;CR-111;CR-112;CR-113;CR-114;CR-117,9ca75412c61826181691432b4ac562887220467872f7b20204a4ae25c681d164,2026-07-22,"Comprehensively updated for AGCP v2.0. DS-005 owns the canonical Policy Evaluation Module artifact and integrity-bound reference. It records deterministic runtime and interface contracts; source policy, configuration, registry, compilation-context, build, dependency, lineage, validation, self-protection, activation, Governance Version, evidence, integrity, and replay bindings without itself establishing authority, admissibility, execution authorization, activation, or commitment.",2026-10-03,
DS-006,policy_artifact.json,schemas/policy_artifact.json,https://agcp.ai/schemas/policy_artifact.json,Governance Policy Artifact,"Canonical, independently identifiable, attributable, versioned, integrity-protected representation of governance policy intent applicable to a defined Tenant, governance domain, and effective scope. It declares deterministic policy semantics, required governance inputs, authority, evidence, Canonical State, lifecycle, composite-governance, refusal-path, escalation, and commit requirements; binds those semantics to Governance Configuration; and references the DS-042 Compiled Governance Artifact and DS-043 Controlled Governance Activation records that make validated compiled policy authoritative. The policy artifact does not itself establish authority at commitment, determine Commit-Bound Admissibility, authorize execution, activate governance, or commit a transition.",Governance Artifact,JSON Schema,https://json-schema.org/draft/2020-12/schema,Implemented,Active,v2.1.0,DS-001;DS-005;DS-007;DS-008;DS-020;DS-026;DS-038;DS-041;DS-042;DS-043;DS-044,DS-001;DS-004;DS-005;DS-007;DS-008;DS-009;DS-011;DS-012;DS-015;DS-017;DS-020;DS-021;DS-022;DS-024;DS-025;DS-026;DS-029;DS-030;DS-031;DS-033;DS-034;DS-035;DS-036;DS-037;DS-038;DS-039;DS-040;DS-041;DS-045,"Direct mapping to CR-007 and relationship-specific contextual mappings to governance compilation, protected-policy preservation, omission analysis, and self-modification isolation requirements in RTM-1.30.",RTM-00007;RTM-00110;RTM-00111;RTM-00112;RTM-00113;RTM-00114;RTM-00117,ARM-204;ARM-501;ARM-502;ARM-503;ARM-504;ARM-505;ARM-506;ARM-507;ARM-508;ARM-509;ARM-510;ARM-511;ARM-512;ARM-704,NS-7.2-02;NS-7.4-01;NS-15.6A-01;NS-15.6A-02;NS-15.6A-03;NS-15.6A-04;NS-15.6B-01;NS-15.6B-02;NS-6.3-01;NS-7.3-01;NS-7.6A-01,CR-007;CR-110;CR-111;CR-112;CR-113;CR-114;CR-117,7c55d8e2897f76bd15dc7e6ee97f39c7e9252261157d96892aefe290f83c7085,2026-07-22,"Comprehensively updated for v2.0 as the canonical policy-intent artifact. Owns the integrity-bound policy reference used by active schemas and directly references DS-041, DS-042, and DS-043.",2026-10-03,
DS-007,constraint_artifact.json,schemas/constraint_artifact.json,https://agcp.ai/schemas/constraint_artifact.json,Governance Constraint Artifact,"Canonical attributable, versioned, integrity-protected representation of a governance constraint. DS-007 preserves source lineage, deterministic constraint semantics, protected or constitutional classification, Governance Configuration binding, compilation and validation evidence, Governance Version, Controlled Governance Activation, and non-weakening semantics without itself establishing authority at commitment, determining Commit-Bound Admissibility, authorizing execution, activating governance, or committing a transition.",Governance Artifact,JSON Schema,https://json-schema.org/draft/2020-12/schema,Implemented,Active,v2.1.0,DS-001;DS-005;DS-006;DS-020;DS-026;DS-041;DS-042;DS-043;DS-044,DS-001;DS-006;DS-009;DS-011;DS-025;DS-026;DS-028;DS-034;DS-036;DS-040;DS-042,"Direct mapping to CR-063 and relationship-specific contextual mappings to governance compilation, constitutional validation and preservation, Governance Self-Protection, omission analysis, and self-modification isolation requirements in RTM-1.32.",RTM-00063;RTM-00110;RTM-00111;RTM-00112;RTM-00113;RTM-00114;RTM-00117,ARM-501;ARM-502;ARM-504;ARM-505;ARM-506;ARM-507;ARM-508;ARM-509;ARM-510;ARM-511;ARM-512,NS-6.3-01;NS-7.3-01;NS-7.6A-01,CR-063;CR-110;CR-111;CR-112;CR-113;CR-114;CR-117,d6c801e16db659d992a4d0799191a9dc7a0982be2ce4ed6aafad521a12e697ab,2026-07-22,Comprehensively updated for v2.0. DS-007 owns the canonical integrity-bound constraint reference used by active schemas; generic shared aliases and unconstrained metadata were removed. Reverse schema dependency metadata synchronized to the active forward schema_dependencies graph in Schema Catalog 1.0.44.,2026-10-03,
DS-008,invariant_definition.json,schemas/invariant_definition.json,https://agcp.ai/schemas/invariant_definition.json,Governance Invariant Definition,"Canonical attributable, versioned, integrity-protected definition of an AGCP governance invariant. DS-008 preserves source specification and governance lineage, deterministic invariant semantics, protected or constitutional classification, enforcement level, Governance Configuration binding, compilation and validation evidence, Governance Version, Controlled Governance Activation, and explicit non-weakening semantics without itself establishing authority at commitment, determining Commit-Bound Admissibility, authorizing execution, activating governance, or committing a transition.",Governance Artifact,JSON Schema,https://json-schema.org/draft/2020-12/schema,Implemented,Active,v2.1.0,DS-001;DS-005;DS-006;DS-020;DS-026;DS-041;DS-042;DS-043;DS-044,DS-001;DS-006;DS-009;DS-012;DS-028;DS-036;DS-040;DS-042,"Direct mappings to hard-invariant failure, invariant-based Structural Refusal, required invariant references, and deterministic invariant evaluation; contextual mappings to Governance Compilation, Constitutional Validation, protected-invariant preservation, Governance Self-Protection, Governance Omission Analysis, and self-modification isolation.",RTM-00003;RTM-00053;RTM-00063;RTM-00076;RTM-00110;RTM-00111;RTM-00112;RTM-00113;RTM-00114;RTM-00117,ARM-105;ARM-204;ARM-501;ARM-502;ARM-504;ARM-505;ARM-509;ARM-510;ARM-511;ARM-512;ARM-701,NS-6.3-01;NS-7.3-01;NS-7.6A-01,CR-003;CR-053;CR-063;CR-076;CR-110;CR-111;CR-112;CR-113;CR-114;CR-117,2f1959c540181e87e74b8671b2384db77b38bba8546ee4ba315a27d752fea175,2026-07-22,"Comprehensively updated for AGCP v2.0 as the canonical invariant-definition artifact. DS-008 owns invariant identity, classification, enforcement level, integrity-bound references, deterministic semantics, source and artifact lineage, protected/constitutional non-weakening controls, compilation validation, controlled activation, Governance Version, evidence, and replay material.",2026-10-03,
DS-009,exception_artifact.json,schemas/exception_artifact.json,https://agcp.ai/schemas/exception_artifact.json,Governance Exception Artifact,"Canonical attributable, versioned, integrity-protected governance exception artifact. DS-009 permits only narrowly scoped, time-bounded, authority-backed and externally approved modification of ordinary exceptionable constraint evaluation. It cannot override protected or constitutional constraints, cannot override governance invariants, cannot establish authority at commitment, and is authoritative for runtime use only after DS-042 compilation and DS-043 Controlled Governance Activation.",Governance Artifact,JSON Schema,https://json-schema.org/draft/2020-12/schema,Implemented,Active,v2.1.0,DS-001;DS-005;DS-006;DS-007;DS-008;DS-020;DS-024;DS-025;DS-026;DS-041;DS-042;DS-043,DS-015;DS-020,"Relationship-specific contextual mappings to Governance Compilation, Constitutional Validation and Preservation, Governance Self-Protection, Governance Omission Analysis, and Governance Self-Modification Isolation requirements in RTM-1.34.",RTM-00110;RTM-00111;RTM-00112;RTM-00113;RTM-00114;RTM-00117,ARM-501;ARM-502;ARM-504;ARM-505;ARM-506;ARM-507;ARM-508;ARM-509;ARM-510;ARM-511;ARM-512,NS-15.1-01;NS-15.2-02;NS-15.3-02;NS-15.4-01;NS-15.4-02;NS-15.5-01;NS-15.5-02;NS-15.5-03;NS-15.6-01;NS-15.6-02;NS-15.6-03;NS-15.6A-01;NS-15.6A-02;NS-15.6A-03;NS-15.6A-04;NS-15.6B-01;NS-15.6B-02;NS-15.7-01,CR-110;CR-111;CR-112;CR-113;CR-114;CR-117,f456adcaddcda034e75a22272a63f1457fee079a6c7db63c3ee4dd8a58c031cc,2026-07-22,"Comprehensively updated for AGCP v2.0. DS-009 owns the canonical integrity-bound exception reference, restricts exceptions to ordinary exceptionable constraints, requires current authority and external approval, and prohibits protected/constitutional weakening, invariant override, scope amplification, bypass, and self-activation.",2026-10-03,
DS-010,governance_artifact_view.json,schemas/governance_artifact_view.json,https://agcp.ai/schemas/governance_artifact_view.json,Governance Artifact View,"Canonical externally observable, integrity-protected read model for a governance-significant artifact and its current compilation, validation, approval, activation, Governance Version, lineage, evidence, and lifecycle state. The view projects authoritative DS-041, DS-042, and DS-043 records without replacing or modifying them.",Governance Artifact,JSON Schema,https://json-schema.org/draft/2020-12/schema,Implemented,Active,v2.1.0,DS-001;DS-020;DS-040;DS-041;DS-042;DS-043,,"Contextual read-model mapping to governance compilation, validation, self-protection, omission analysis, controlled activation, and self-modification isolation requirements.",RTM-00110;RTM-00111;RTM-00112;RTM-00113;RTM-00114;RTM-00117,ARM-502;ARM-506;ARM-507;ARM-508;ARM-509;ARM-510;ARM-511;ARM-512,NS-15.5-01;NS-15.5-02;NS-15.5-03;NS-15.6A-01;NS-15.6A-02;NS-15.6A-03;NS-15.6A-04;NS-15.6B-01;NS-15.6B-02,CR-110;CR-111;CR-112;CR-113;CR-114;CR-117,b5632c0bce77a7dd7e94f42850844ae086ac360c7546d55ebf038424b0316f0d,2026-07-22,"Comprehensively updated for v2.0 to project canonical DS-041, DS-042, and DS-043 state without duplicating or replacing authoritative records.",2026-10-03,
DS-011,constraint_evaluation.json,schemas/constraint_evaluation.json,https://agcp.ai/schemas/constraint_evaluation.json,Governance Constraint Evaluation Result,"Canonical, attributable, integrity-protected result of evaluating one DS-007 Governance Constraint Artifact for a specific Governed Action Proposal, Tenant, governance domain, target, evaluation horizon, Governance Version, and qualified governance-input set. DS-011 records applicability, deterministic condition evaluation, satisfied, violated, indeterminate, or not-applicable outcomes, resulting governance disposition, evidence, attribution, integrity, and replay material without itself authorizing execution or establishing authority at commitment.",Evaluation Result,JSON Schema,https://json-schema.org/draft/2020-12/schema,Implemented,Active,v2.1.0,DS-001;DS-006;DS-007;DS-020;DS-021;DS-023;DS-024;DS-028;DS-032;DS-033;DS-038;DS-041;DS-053,DS-020,"Direct and supporting mappings added for constraint-controlled authorization, governing-constraint identification, evidence integrity, attribution, replay, and deterministic evaluation.",RTM-00001;RTM-00063;RTM-00064;RTM-00065;RTM-00066;RTM-00075;RTM-00076;RTM-00078,ARM-105;ARM-202;ARM-203;ARM-204;ARM-505;ARM-506;ARM-601;ARM-604;ARM-606;ARM-701,NS-5.2.1-01;NS-5.2.1-02;NS-7.3-01;NS-7.3-02;NS-7.4-01;NS-7.4-02;NS-7.5-02;NS-7.5-03;NS-7.5-04;NS-7.5-05;NS-7.6-03;NS-7.6A-01;NS-10.5-01;NS-10.5-02;NS-10.7-01;NS-6.4-04;NS-6.6A-03,CR-001;CR-063;CR-064;CR-065;CR-066;CR-075;CR-076;CR-078,9af8cd34e5bd5f40210d7345a62f660da022381b164544a36ee8f6fe28b31f96,2026-07-22,"Comprehensively refactored for AGCP v2.0 with canonical Proposal, Constraint, Tenant/domain, target, evaluation horizon, Governance Version and Configuration, qualified-input digests, evidence, attribution, integrity, replay, and outcome-specific validation. Unrestricted metadata removed.",2026-10-03,
DS-012,invariant_evaluation.json,schemas/invariant_evaluation.json,https://agcp.ai/schemas/invariant_evaluation.json,Governance Invariant Evaluation Result,"Canonical, attributable, integrity-protected result of evaluating one DS-008 Governance Invariant Definition for a specific Governed Action Proposal, Proposal Identity, Tenant, governance domain, target, evaluation horizon, Governance Version, and qualified governance-input set. DS-012 records applicability, deterministic assertion evaluation, preserved, violated, indeterminate, or not-applicable outcomes, and explicitly identifies any resulting Structural Refusal, governed escalation, lifecycle effect, and Governance Evidence without itself authorizing execution or establishing authority at commitment.",Evaluation Result,JSON Schema,https://json-schema.org/draft/2020-12/schema,Implemented,Active,v2.1.0,DS-001;DS-006;DS-008;DS-020;DS-021;DS-023;DS-024;DS-026;DS-028;DS-032;DS-033;DS-038;DS-041;DS-053,DS-020,Semantic v2.0 mapping established during DS-012 comprehensive evaluation-result refactor.,RTM-00001;RTM-00003;RTM-00053;RTM-00058;RTM-00063;RTM-00075;RTM-00076;RTM-00078;RTM-00087,ARM-105;ARM-108;ARM-204;ARM-505;ARM-601;ARM-604;ARM-606;ARM-701;ARM-801;ARM-803;ARM-804,NS-5.2.1-01;NS-5.2.1-02;NS-5.5-01;NS-5.5-02;NS-7.3-01;NS-7.3-02;NS-7.4-01;NS-7.4-02;NS-7.4-05;NS-7.5-01;NS-7.5-02;NS-7.5-03;NS-7.5-04;NS-7.5-05;NS-7.6-03;NS-7.6A-01;NS-10.1-01;NS-10.1-02;NS-10.3-01;NS-10.4-01;NS-10.5-01;NS-10.5-02;NS-10.7-01;NS-10.8A-01;NS-13.6A-04;NS-13.6B-01;NS-13.6B-02;NS-6.4-04;NS-6.6A-03,CR-001;CR-003;CR-053;CR-058;CR-063;CR-075;CR-076;CR-078;CR-087,87d35027a5e311bb20ae0d9ccd544324273d55f3806033e20efd60c80d1b9b52,2026-07-22,"Canonical invariant-evaluation result with explicit Structural Refusal, escalation, lifecycle-effect, Governance Evidence, deterministic qualified-input binding, attribution, integrity, and replay semantics.",2026-10-03,
DS-013,proposal_submit_request.json,schemas/proposal_submit_request.json,https://agcp.ai/schemas/proposal_submit_request.json,Proposal Submit Request,Normative transport wrapper for submitting one untrusted Proposal object to AGCP Proposal Qualification. The wrapper validates transport-envelope structure only. The proposal member is intentionally not constrained by DS-021 at transport validation time because DS-021 validation is a Proposal Qualification obligation and structural deficiencies must be capable of producing Structural Refusal rather than being converted into a transport-only error.,Governance Workflow,JSON Schema,https://json-schema.org/draft/2020-12/schema,Implemented,Active,v2.1.0,DS-001,,Existing GitHub_File references in RTM-1.6; DS_ID populated in RTM-1.7.,RTM-00004;RTM-00036;RTM-00037;RTM-00038;RTM-00039;RTM-00040;RTM-00041;RTM-00042;RTM-00043;RTM-00044;RTM-00045;RTM-00046;RTM-00047;RTM-00105;RTM-00106;RTM-00107;RTM-00108;RTM-00109,ARM-101;ARM-106,NS-4.3-01;NS-4.15-01;NS-6.3-01;NS-6.3-02;NS-6.4-01;NS-6.4-02;NS-6.6A-01,CR-004;CR-036;CR-037;CR-038;CR-039;CR-040;CR-041;CR-042;CR-043;CR-044;CR-045;CR-046;CR-047;CR-105;CR-106;CR-107;CR-108;CR-109,81c7c6829e73ea9a5f547aec7070be8b7d9974df60e8adf3bc0e34caca5913e9,2026-07-22,Transport-envelope-only submission wrapper. The proposal member is deliberately untyped at transport validation so DS-021 validation occurs inside Proposal Qualification and structurally invalid proposals can produce Structural Refusal.,2026-10-03,
DS-014,proposal_view.json,schemas/proposal_view.json,https://agcp.ai/schemas/proposal_view.json,Proposal View,"Canonical externally observable view of a governed proposal. The view keeps authoritative Derived Lifecycle State separate from transient processing status and exposes canonical references to the proposal, context, state, authority, decisions, authorizations, commit attempts and results, evidence, receipts, refusals, composite-governance objects, enforcement, degradation, continuation, terminality, and replay-relevant history.",Governance Workflow,JSON Schema,https://json-schema.org/draft/2020-12/schema,Implemented,Active,v2.1.0,DS-001;DS-015;DS-017;DS-018;DS-019;DS-020;DS-021;DS-022;DS-023;DS-024;DS-027;DS-028;DS-029;DS-030;DS-031;DS-034;DS-035;DS-036;DS-037;DS-038;DS-039;DS-052;DS-053,,Existing GitHub_File references in RTM-1.6; DS_ID populated in RTM-1.7.,RTM-00010;RTM-00011,ARM-407;ARM-601;ARM-605;ARM-703;ARM-802,NS-4.6-01;NS-4.7-01;NS-13.6A-02;NS-9.5-05;NS-10.4-01,CR-010;CR-011,4062e8890ee8e57281dedc280d164a84ed73d407da38351556b2c138a2510ce4,2026-07-22,Step 5 refactor: authoritative lifecycle state is separated from transient processing status and the view now references canonical workflow and governance objects directly.,2026-10-03,
DS-015,governance_decision_result.json,schemas/governance_decision_result.json,https://agcp.ai/schemas/governance_decision_result.json,Governance Decision Result,"Canonical, attributable, integrity-protected result produced by the Governance Decision Function after Proposal Qualification. The result binds the decision to the canonical proposal, target, Tenant, governance domain, policy and Governance Version, qualified Canonical State, qualified Governance Evidence, Authority Lineage, applicable constraints and invariants, approvals, evaluation horizon, and deterministic decision basis. Non-refusal outcomes require a DS-027 Governance Receipt; Structural Refusal requires a DS-028 Refusal Record. The Governance Decision Function realizes the PDP functional role; this result does not by itself establish commit-bound execution eligibility.",Governance Workflow,JSON Schema,https://json-schema.org/draft/2020-12/schema,Implemented,Active,v2.1.0,DS-001;DS-006;DS-009;DS-020;DS-021;DS-022;DS-023;DS-024;DS-026;DS-027;DS-028;DS-032;DS-033;DS-041;DS-053,DS-014;DS-017;DS-018;DS-019;DS-020;DS-022;DS-026;DS-027;DS-028;DS-029;DS-030;DS-034;DS-037;DS-038;DS-040,Exact DS-to-requirement assignments derived from the authoritative RTM-1.47 DS_ID column; the catalog records the corresponding RTM_ID and CR_ID sets without omission or addition.,RTM-00001;RTM-00002;RTM-00003;RTM-00005;RTM-00007;RTM-00031;RTM-00034;RTM-00053;RTM-00054;RTM-00055;RTM-00062;RTM-00063;RTM-00064;RTM-00065;RTM-00066;RTM-00074;RTM-00075;RTM-00076;RTM-00077;RTM-00078;RTM-00083;RTM-00085;RTM-00087;RTM-00090;RTM-00104,ARM-201;ARM-202;ARM-203;ARM-205;ARM-206;ARM-401;ARM-601;ARM-701,NS-7.3-01;NS-7.4-01;NS-7.5-02;NS-7.6-03;NS-8.6-04;NS-7.1-03;NS-7.6A-01,CR-001;CR-002;CR-003;CR-005;CR-007;CR-031;CR-034;CR-053;CR-054;CR-055;CR-062;CR-063;CR-064;CR-065;CR-066;CR-074;CR-075;CR-076;CR-077;CR-078;CR-083;CR-085;CR-087;CR-090;CR-104,4ad6c7213ab17fa747b62a2ac3fd47570cadb610bf8b8b010f6a89c244005e52,2026-07-22,"Step 5 refactor: canonical decision basis, qualified state and evidence, authority, constraints, invariants, attribution, receipt, and refusal relationships are structurally represented. Catalog ARM and NS mappings synchronized from the authoritative DS-015 schema annotation. RTM/CR traceability synchronized to RTM-1.47 by adding RTM-00034 and CR-034.",2026-10-03,
DS-017,execution_authorization_view.json,schemas/execution_authorization_view.json,https://agcp.ai/schemas/execution_authorization_view.json,Execution Authorization View,"Canonical externally observable representation of an AGCP Execution Authorization. It binds an authorization outcome to the canonical proposal, Governance Decision Result, target, Tenant, governance domain, policy and Governance Version, qualified Canonical State, qualified evidence, Authority Lineage, lifecycle, scope, and validity conditions. Execution Authorization is eligibility evidence for Commit Boundary processing; it is neither authority at commitment nor permission to execute. The authorization is consumed by Governance Realization and remains subject to current Authority Re-Derivation, Commit-Bound Admissibility, and PEP mediation.",Governance Workflow,JSON Schema,https://json-schema.org/draft/2020-12/schema,Implemented,Active,v2.1.0,DS-001;DS-006;DS-015;DS-019;DS-020;DS-021;DS-022;DS-023;DS-024;DS-026;DS-027;DS-032;DS-033;DS-038;DS-041;DS-053,DS-014;DS-018;DS-019;DS-020;DS-022;DS-024;DS-027;DS-029;DS-030;DS-034;DS-037;DS-038;DS-039;DS-040,Exact DS-to-requirement assignments derived from the authoritative RTM-1.47 DS_ID column; the catalog records the corresponding RTM_ID and CR_ID sets without omission or addition.,RTM-00010;RTM-00019;RTM-00020;RTM-00021;RTM-00022;RTM-00023;RTM-00024;RTM-00025;RTM-00031;RTM-00032;RTM-00033;RTM-00035;RTM-00061;RTM-00079;RTM-00080;RTM-00084;RTM-00102,ARM-201;ARM-203;ARM-205;ARM-207;ARM-210;ARM-401;ARM-601;ARM-702,NS-9.1-02;NS-9.3-01;NS-9.3-02;NS-9.4-01;NS-9.4-02;NS-8.1-01;NS-8.1-03;NS-8.4-03;NS-8.6-02;NS-8.6A-04;NS-8.6A-05;NS-8.6A-06,CR-010;CR-019;CR-020;CR-021;CR-022;CR-023;CR-024;CR-025;CR-031;CR-032;CR-033;CR-035;CR-061;CR-079;CR-080;CR-084;CR-102,d16590a72ec44fb0c482fe58bd330880e56cb0840929ff948ccf163c2b744a08,2026-07-22,"Step 5 refactor: target, scope, lifecycle, validity, state, evidence, authority, consumption, attribution, and non-executable authorization semantics are structurally represented. RTM/CR traceability synchronized to RTM-1.47 by adding RTM-00010 and CR-010.",2026-10-03,
DS-018,commit_boundary_request.json,schemas/commit_boundary_request.json,https://agcp.ai/schemas/commit_boundary_request.json,Commit Boundary Request,"Canonical integrity-protected request that initiates Governance Realization / Commit Boundary processing for a previously authorized proposal. The caller supplies the proposal and Execution Authorization basis; the GRF independently establishes current authority, current qualified state/evidence, binding validity, PEP Profile selection, Enforcement Context, and enforcement readiness before invoking the PEP.",Governance Workflow,JSON Schema,https://json-schema.org/draft/2020-12/schema,Implemented,Active,v2.1.0,DS-001;DS-015;DS-017;DS-021;DS-035;DS-036;DS-037;DS-039;DS-053,DS-014;DS-019;DS-020;DS-040,Existing GitHub_File references in RTM-1.6; DS_ID populated in RTM-1.7.,RTM-00019;RTM-00020;RTM-00021;RTM-00022;RTM-00024;RTM-00028;RTM-00031;RTM-00032;RTM-00033;RTM-00048;RTM-00049;RTM-00067;RTM-00068;RTM-00081;RTM-00084;RTM-00096;RTM-00102;RTM-00105;RTM-00106;RTM-00107;RTM-00108;RTM-00109;RTM-00119;RTM-00120;RTM-00121,ARM-203;ARM-210;ARM-211;ARM-212;ARM-213;ARM-216;ARM-217;ARM-401;ARM-702,NS-9.3-01;NS-9.3-02;NS-9.4-01;NS-9.4-02;NS-9.6A-03;NS-9.6A-04;NS-9.6B-01;NS-9.1-03;NS-9.2-01;NS-9.2-02;NS-9.4-05;NS-9.4-06,CR-019;CR-020;CR-021;CR-022;CR-024;CR-028;CR-031;CR-032;CR-033;CR-048;CR-049;CR-067;CR-068;CR-081;CR-084;CR-096;CR-102;CR-105;CR-106;CR-107;CR-108;CR-109;CR-119;CR-120;CR-121,d375be469f32fbf2240adc2b62f1a5fe365e71b15293ddad026468f451229698,2026-07-22,Step 5 refactor: Commit Boundary invocation now carries the complete canonical governance basis and DS-029 Enforcement Context.,2026-10-03,
DS-019,commit_boundary_result.json,schemas/commit_boundary_result.json,https://agcp.ai/schemas/commit_boundary_result.json,Commit Boundary Result,"Canonical attributable and integrity-protected result of Governance Realization, Commit-Bound Admissibility, Governance Enforcement Binding, and Policy Enforcement Point processing at the Commit Boundary. Commit Successful records acceptance of the exact governed transition through the protected enforcement path; it does not universally assert that asynchronous target execution has completed.",Governance Workflow,JSON Schema,https://json-schema.org/draft/2020-12/schema,Implemented,Active,v2.1.0,DS-001;DS-015;DS-017;DS-018;DS-020;DS-021;DS-027;DS-028;DS-029;DS-030;DS-031;DS-034;DS-035;DS-036;DS-037;DS-038;DS-052,DS-014;DS-017;DS-020;DS-038;DS-040;DS-052,Existing GitHub_File references in RTM-1.6; DS_ID populated in RTM-1.7.,RTM-00019;RTM-00020;RTM-00021;RTM-00022;RTM-00023;RTM-00024;RTM-00028;RTM-00032;RTM-00033;RTM-00079;RTM-00080;RTM-00081;RTM-00084;RTM-00087;RTM-00088;RTM-00102;RTM-00105;RTM-00106;RTM-00107;RTM-00108;RTM-00109;RTM-00119;RTM-00120;RTM-00121,ARM-203;ARM-210;ARM-211;ARM-212;ARM-213;ARM-216;ARM-217;ARM-401;ARM-601;ARM-702,NS-9.6-02;NS-9.6-04;NS-9.6A-03;NS-9.6A-04;NS-9.6B-01;NS-9.6B-04;NS-9.6B-05;NS-9.5-02;NS-9.5-03;NS-9.5-05;NS-9.6A-01;NS-9.6A-05;NS-9.6A-06,CR-019;CR-020;CR-021;CR-022;CR-023;CR-024;CR-028;CR-032;CR-033;CR-079;CR-080;CR-081;CR-084;CR-087;CR-088;CR-102;CR-105;CR-106;CR-107;CR-108;CR-109;CR-119;CR-120;CR-121,d40a3f01f681de22d665b5c021bfba59be593019b694280fa62557cdbdff7040,2026-07-22,"Step 5 refactor: Commit Boundary outcome now records canonical request, enforcement, executed subset, lifecycle effect, receipt, refusal, attribution, and replay material.",2026-10-03,
DS-020,governance_evidence.json,schemas/governance_evidence.json,https://agcp.ai/schemas/governance_evidence.json,Governance Evidence,"Canonical immutable Governance Evidence record. It contains typed evidence-item references, explicit governing-state, configuration, constraint and invariant references where applicable, explicit ordering, integrity digests, attributable provenance-chain continuity, qualification results, Governance Ledger references, and links to canonical governance outcomes. Raw or arbitrary evidence payloads are not normative content.",Governance Workflow,JSON Schema,https://json-schema.org/draft/2020-12/schema,Implemented,Active,v2.1.0,DS-001;DS-006;DS-009;DS-011;DS-012;DS-015;DS-017;DS-018;DS-019;DS-021;DS-022;DS-023;DS-024;DS-026;DS-027;DS-028;DS-029;DS-030;DS-031;DS-032;DS-033;DS-034;DS-035;DS-036;DS-037;DS-038;DS-039;DS-040;DS-041;DS-052;DS-053,DS-001;DS-003;DS-004;DS-005;DS-006;DS-007;DS-008;DS-009;DS-010;DS-011;DS-012;DS-014;DS-015;DS-017;DS-019;DS-022;DS-023;DS-024;DS-025;DS-026;DS-027;DS-028;DS-029;DS-030;DS-032;DS-033;DS-034;DS-036;DS-037;DS-038;DS-039;DS-040;DS-041;DS-042;DS-043;DS-052;DS-053,Existing GitHub_File references in RTM-1.6; DS_ID populated in RTM-1.7.,RTM-00041;RTM-00047;RTM-00048;RTM-00049;RTM-00050;RTM-00051;RTM-00052;RTM-00062;RTM-00063;RTM-00064;RTM-00065;RTM-00066;RTM-00067;RTM-00068;RTM-00069;RTM-00097;RTM-00103;RTM-00104;RTM-00105;RTM-00106;RTM-00107;RTM-00108;RTM-00109,ARM-101;ARM-102;ARM-105;ARM-108;ARM-204;ARM-308;ARM-401;ARM-504;ARM-505;ARM-509;ARM-601;ARM-602;ARM-603;ARM-604;ARM-605;ARM-606;ARM-607;ARM-608;ARM-609;ARM-610;ARM-701;ARM-706;ARM-709;ARM-710;ARM-801;ARM-807,NS-7.4-01;NS-7.5-02;NS-7.6A-01;NS-7.6A-02;NS-9.6A-01;NS-9.6A-02;NS-10.1-02;NS-10.2-01;NS-10.3-01;NS-10.4-01;NS-10.5-01;NS-10.6-01;NS-10.7-01;NS-10.8-01;NS-10.9-01;NS-10.7-02;NS-10.8A-02;NS-10.8A-03,CR-041;CR-047;CR-048;CR-049;CR-050;CR-051;CR-052;CR-062;CR-063;CR-064;CR-065;CR-066;CR-067;CR-068;CR-069;CR-097;CR-103;CR-104;CR-105;CR-106;CR-107;CR-108;CR-109,415479f994bef3c716253fe31167569f13bfb43c1d2d7c146b5db8d3df8bec0f,2026-07-22,"Governance Evidence explicitly carries governing Canonical State, Governance Configuration, constraint-evaluation and invariant-evaluation references on governance decision/authorization/commit paths, in addition to existing typed evidence and replay bindings.",2026-10-03,
DS-021,governed_action_proposal.json,schemas/governed_action_proposal.json,https://agcp.ai/schemas/governed_action_proposal.json,Governed Action Proposal,"Canonical domain schema for a governance-significant proposed transition submitted to AGCP runtime-governance evaluation. The object declares stable Proposal Identity, operational intent, target, requested effect, canonical Action Representation, associated Governance Context, provenance, temporal validity, and applicable composite-governance semantics through the canonical DS-035 Bind Set and DS-036 Governance Dependency Graph. A Governed Action Proposal is not execution and does not confer authority at commitment.",Canonical Governance Object,JSON Schema,https://json-schema.org/draft/2020-12/schema,Implemented,Active,v2.1.0,DS-001;DS-006;DS-024;DS-035,DS-011;DS-012;DS-014;DS-015;DS-017;DS-018;DS-019;DS-020;DS-038;DS-039;DS-040;DS-052,Exact DS-to-requirement assignments derived from the authoritative RTM-1.47 DS_ID column; the catalog records the corresponding RTM_ID and CR_ID sets without omission or addition.,RTM-00004;RTM-00008;RTM-00009;RTM-00036;RTM-00037;RTM-00038;RTM-00039;RTM-00040;RTM-00041;RTM-00042;RTM-00043;RTM-00044;RTM-00045;RTM-00046;RTM-00047;RTM-00105;RTM-00106;RTM-00107;RTM-00108;RTM-00109,ARM-101;ARM-102;ARM-106;ARM-206;ARM-207;ARM-208;ARM-216;ARM-217;ARM-308;ARM-604,NS-4.3-01;NS-4.15-01;NS-6.3-01;NS-6.3-02;NS-6.4-01;NS-6.4-02;NS-6.6-01;NS-6.6A-01;NS-6.6A-02;NS-7.4-04;NS-9.6B-02;NS-9.6B-03;NS-9.6B-04;NS-9.6B-05;NS-10.8A-03;NS-16.6A-02,CR-004;CR-008;CR-009;CR-036;CR-037;CR-038;CR-039;CR-040;CR-041;CR-042;CR-043;CR-044;CR-045;CR-046;CR-047;CR-105;CR-106;CR-107;CR-108;CR-109,d141c8e3bf9dceb1456afec8f4cd3fc214d8c07c0160d676d54c1471be30101d,2026-07-22,Canonical Governed Action Proposal. Composite proposals now reference canonical DS-035 Bind Set policy/reference definitions and canonical DS-036 Governance Dependency Graph rather than local transitional composite definitions. RTM/CR traceability synchronized to RTM-1.47 by adding RTM-00008;RTM-00009 and CR-008;CR-009. Reverse schema dependency metadata synchronized to the active forward schema_dependencies graph in Schema Catalog 1.0.44.,2026-10-03,
DS-022,governance_context_envelope.json,schemas/governance_context_envelope.json,https://agcp.ai/schemas/governance_context_envelope.json,Governance Context Envelope,"Canonical domain schema for the attributable, versioned governance-relevant context associated with a Governed Action Proposal. The envelope preserves identity, tenant, policy, evidence, delegation, authority, lineage, target, lifecycle, risk, handoff, coordination, and outcome relationships needed for governance evaluation and continuity. Context may inform governance but is not authoritative Canonical State and cannot override it.",Canonical Governance Object,JSON Schema,https://json-schema.org/draft/2020-12/schema,Implemented,Active,v2.1.0,DS-001;DS-006;DS-015;DS-017;DS-020;DS-024;DS-025;DS-026;DS-028;DS-030;DS-033;DS-036;DS-037;DS-038;DS-041;DS-052;DS-053,DS-014;DS-015;DS-017;DS-020;DS-039;DS-040,"Relationship-specific semantic review of context integrity, lineage, handoff, Canonical State non-override, evidence continuity, attribution, and coordination requirements; synchronized in RTM-1.9.",RTM-00040;RTM-00041;RTM-00042;RTM-00043;RTM-00044;RTM-00045;RTM-00046;RTM-00047;RTM-00069;RTM-00070;RTM-00071;RTM-00118,ARM-101;ARM-102;ARM-103;ARM-106;ARM-308;ARM-603;ARM-604;ARM-606;ARM-610;ARM-703;ARM-709;ARM-710;ARM-801;ARM-807,NS-6.3-01;NS-6.6-01;NS-6.6A-02;NS-7.2-02;NS-7.3-01;NS-7.6A-01;NS-7.6A-02;NS-9.3-01;NS-9.6A-03;NS-10.8A-03;NS-16.6A-01;NS-16.6A-02;NS-16.6A-03;NS-4.12-01;NS-6.6A-03,CR-040;CR-041;CR-042;CR-043;CR-044;CR-045;CR-046;CR-047;CR-069;CR-070;CR-071;CR-118,0de3718cd4dabc5715d98cd9ff1ee5922ec8dedcb020fad09fde653595d2cb47,2026-07-22,"Canonical Governance Context Envelope. Delegation, Authority Lineage, approval, refusal, qualified-evidence, and dependency-graph references resolve to their canonical DS schemas; inline Canonical State remains prohibited.",2026-10-03,
DS-023,canonical_state.json,schemas/canonical_state.json,https://agcp.ai/schemas/canonical_state.json,Canonical State,"Canonical domain schema for the single qualified and authoritative governance representation of operational reality used for a defined evaluation horizon. Canonical State is resolved deterministically from qualified authoritative governance sources; is distinct from Governance Context, runtime observations, telemetry, local state, and agent belief; and provides the current state basis for admissibility, authority re-derivation, governance binding, continuation, replay, receipts, and refusal. State suitability is established by an integrity-bound reference to the independently traceable DS-032 State Qualification Result. The Governance Ledger is authoritative for recorded governance events, event ordering, and Derived Lifecycle State, but need not originate every governance-relevant fact incorporated into Canonical State.",Canonical Governance Object,JSON Schema,https://json-schema.org/draft/2020-12/schema,Implemented,Active,v2.1.0,DS-001;DS-020;DS-032;DS-033;DS-038;DS-040,DS-011;DS-012;DS-014;DS-015;DS-017;DS-020;DS-039;DS-040,"Relationship-specific semantic review of Canonical State availability, freshness, single-state conflict resolution, precedence over non-authoritative observations, and State Qualification; synchronized in RTM-1.10.",RTM-00048;RTM-00049;RTM-00050;RTM-00051;RTM-00103,ARM-103;ARM-401;ARM-402;ARM-403;ARM-404;ARM-405;ARM-406;ARM-407;ARM-408,NS-4.6-01;NS-4.6-02;NS-4.6-03;NS-4.6-04;NS-5.2.5-01;NS-5.2.5-03;NS-6.6A-02;NS-7.2-02;NS-7.3-01;NS-7.4-01;NS-7.6-04;NS-7.6A-01;NS-7.7-02;NS-9.6A-01;NS-9.6A-02;NS-10.4-01;NS-10.8A-02;NS-11.4-01;NS-13.4-04;NS-13.6A-01;NS-16.6A-03,CR-048;CR-049;CR-050;CR-051;CR-103,d7cd455c039d07bb43702eff679093c5b0086f63dcd5291944f5c481b9187457,2026-07-22,Canonical State uses the qualification_result property to carry an integrity-bound DS-032 State Qualification Result reference constrained to outcome QUALIFIED. The former embedded top-level qualification result is not retained. Reverse schema dependency metadata synchronized to the active forward schema_dependencies graph in Schema Catalog 1.0.44.,2026-10-03,
DS-024,authority_lineage.json,schemas/authority_lineage.json,https://agcp.ai/schemas/authority_lineage.json,Authority Lineage,"Canonical domain schema for the complete, attributable, integrity-protected chain through which the evidentiary basis for authority is originated, delegated, approved, constrained, revoked, re-established, and validated for a specific proposed transition. Authority Lineage remains bound to Proposal Identity, target, tenant, governance domain, scope, lifecycle, validity, Canonical State, policy, and evidence. It supports deterministic reconstruction and Authority Re-Derivation but is not portable executable authority and does not itself constitute authority at commitment or permission to execute.",Authority,JSON Schema,https://json-schema.org/draft/2020-12/schema,Implemented,Active,v2.1.0,DS-001;DS-006;DS-017;DS-020;DS-025;DS-026;DS-053,DS-004;DS-009;DS-011;DS-012;DS-014;DS-015;DS-017;DS-020;DS-021;DS-022;DS-025;DS-029;DS-033;DS-034;DS-036;DS-039;DS-040;DS-053,"Relationship-specific semantic review of verifiable delegation references, deterministic lineage integrity, mission/task continuity, delegation-chain completeness, attribution consistency, provenance continuity, recursive authority containment, and cross-domain authority isolation; synchronized in RTM-1.12.",RTM-00040;RTM-00042;RTM-00043;RTM-00044;RTM-00045;RTM-00047;RTM-00115;RTM-00116,ARM-101;ARM-102;ARM-103;ARM-107;ARM-201;ARM-202;ARM-203;ARM-301;ARM-302;ARM-303;ARM-304;ARM-305;ARM-306;ARM-307;ARM-308;ARM-603;ARM-604;ARM-605;ARM-606;ARM-609;ARM-610;ARM-703;ARM-709;ARM-710,NS-12.2-03;NS-12.3-01;NS-12.4-01,CR-040;CR-042;CR-043;CR-044;CR-045;CR-047;CR-115;CR-116,b0063ce99ad6d0d71c0291d1d6209516bfc0173f3539ccb48cacbdf52bad294a,2026-07-22,"Implemented as the canonical evidentiary authority-chain object. It aggregates DS-025 delegation references, preserves origin, approval, mission/task, scope, revocation, subject eligibility, domain-segment, and replay-protection relationships, and remains evidence for Authority Re-Derivation rather than portable execution authority. Reverse schema dependency metadata synchronized to the active forward schema_dependencies graph in Schema Catalog 1.0.44.",2026-10-03,
DS-025,delegation_artifact.json,schemas/delegation_artifact.json,https://agcp.ai/schemas/delegation_artifact.json,Delegation Artifact,"Canonical domain schema for an independently verifiable artifact recording bounded authority delegated from one governance principal to another. A Delegation Artifact preserves source authority, scope attenuation, validity, revocation controls, tenant and governance-domain boundaries, target binding, recursive-delegation limits, cross-domain escalation evidence, attribution, integrity, and lineage continuity. It is evidence used during Authority Re-Derivation and does not itself constitute unconditional authority at commitment or permission to execute.",Authority,JSON Schema,https://json-schema.org/draft/2020-12/schema,Implemented,Active,v2.1.0,DS-001;DS-006;DS-007;DS-020;DS-024,DS-009;DS-022;DS-024;DS-034;DS-053,"Relationship-specific semantic review of verifiable delegation references, deterministic artifact integrity, delegation-chain continuity, attribution consistency, provenance continuity, governed cross-domain transition, and recursive authority containment; synchronized in RTM-1.11.",RTM-00040;RTM-00042;RTM-00044;RTM-00045;RTM-00047;RTM-00072;RTM-00115,ARM-102;ARM-103;ARM-302;ARM-303;ARM-304;ARM-305;ARM-306;ARM-307;ARM-308;ARM-603;ARM-604;ARM-606;ARM-609;ARM-610;ARM-703;ARM-709;ARM-710,NS-4.4-01;NS-8.6A-02;NS-10.8A-03;NS-12.1-01;NS-12.1-02;NS-12.2-01;NS-12.2-02;NS-12.3-01;NS-12.3-02;NS-12.4-01;NS-12.4-02;NS-12.4-03;NS-12.4-04;NS-12.5-01;NS-12.5-02;NS-12.6-01;NS-12.6-02;NS-12.6-03;NS-12.6-04;NS-12.6-05;NS-12.7-01;NS-12.7-02;NS-12.7-03;NS-14.1-01;NS-14.6-02;NS-16.6A-01;NS-16.6A-02;NS-16.6A-03,CR-040;CR-042;CR-044;CR-045;CR-047;CR-072;CR-115,16190eca22f101e20ef86b9702e490ff9d031c46624ae3c2d4e6299bb80de63a,2026-07-22,"Implemented as an immutable delegation-evidence object. Current authority, revocation, expiration, subject eligibility, and commit-time admissibility are re-derived from current qualified governance inputs. DS-022 now uses the DS-025 reference definition. Authority Lineage references now resolve through canonical DS-024.",2026-10-03,
DS-026,governance_approval_artifact.json,schemas/governance_approval_artifact.json,https://agcp.ai/schemas/governance_approval_artifact.json,Governance Approval Artifact,"Authoritative AGCP-created or AGCP-qualified canonical domain schema for an attributable, cryptographically verifiable governance artifact recording human or governed approval, cosignature, positive or negative adjudication, risk acceptance, cancellation, withdrawal, or participation in partial or completed quorum. The artifact is proposal-, lifecycle-, scope-, tenant-, target-, policy-, governance-version-, and validity-bound evidence. It may support lifecycle progression, Authority Re-Derivation, and Commit-Bound Admissibility, but does not itself constitute authority at commitment or permission to execute.",Approval and Adjudication,JSON Schema,https://json-schema.org/draft/2020-12/schema,Implemented,Active,v2.1.0,DS-001;DS-006;DS-007;DS-015;DS-020;DS-033;DS-038;DS-053,DS-004;DS-006;DS-007;DS-008;DS-009;DS-012;DS-015;DS-017;DS-020;DS-022;DS-024;DS-027;DS-028;DS-029;DS-034;DS-038;DS-040;DS-041;DS-042;DS-043;DS-045,"Relationship-specific semantic mapping approved for approval, adjudication, quorum, expiration, cancellation, and escalation requirements in RTM-1.13.",RTM-00012;RTM-00013;RTM-00014;RTM-00015;RTM-00016;RTM-00017;RTM-00018;RTM-00058;RTM-00059;RTM-00060;RTM-00061,ARM-107;ARM-202;ARM-302;ARM-304;ARM-305;ARM-308;ARM-601;ARM-603;ARM-609;ARM-610;ARM-804;ARM-805,NS-8.6A-02;NS-10.8A-03;NS-13.6B-01;NS-13.6B-02;NS-13.6B-03;NS-13.6B-04;NS-13.6B-05;NS-13.6B-06;NS-13.6B-07;NS-13.6B-08;NS-13.6B-09;NS-13.6B-10,CR-012;CR-013;CR-014;CR-015;CR-016;CR-017;CR-018;CR-058;CR-059;CR-060;CR-061,6b3364d2282585e0c9c537882cabaa1d73b15af49c20b9eeaffda95a9fc6af1b,2026-07-22,Authoritative DS-026 AGCP-created or AGCP-qualified Governance Approval Artifact. It requires artifact_origin=AGCP_CREATED_OR_QUALIFIED and is not accepted as IF-001 ingress. DS-016 remains permanently retired; DS-045 is the separate active submission schema.,2026-10-03,DS-016
DS-027,governance_receipt.json,schemas/governance_receipt.json,https://agcp.ai/schemas/governance_receipt.json,Governance Receipt,"Canonical attributable and integrity-protected record of a non-refusal AGCP governance result. A Governance Receipt binds a Governed Action Proposal and its qualified governance basis to the recorded decision, authorization, approval, deterministic adjudication, commitment, enforcement, execution outcome, lifecycle transition, continuation outcome, or governed re-evaluation result. It is governance evidence rather than a mere application response and does not itself create authority at commitment or permission to execute. Structural Refusal is documented through a Refusal Record, not this schema. A receipt records commitment and may reference a distinct DS-052 post-commit execution outcome; commitment and completed target execution are not assumed to be identical events.",Evidence and Provenance,JSON Schema,https://json-schema.org/draft/2020-12/schema,Implemented,Active,v2.1.0,DS-001;DS-015;DS-017;DS-020;DS-026;DS-029;DS-030;DS-031;DS-033;DS-037;DS-038;DS-039;DS-040;DS-052,DS-014;DS-015;DS-017;DS-019;DS-020;DS-028;DS-038;DS-039;DS-040,"Relationship-specific semantic mapping approved for canonical-state, governing-constraint, integrity, attribution, replay, evidence-continuity, evidence-availability, and independent-verification receipt requirements in RTM-1.14.",RTM-00062;RTM-00063;RTM-00064;RTM-00065;RTM-00066;RTM-00067;RTM-00068;RTM-00069;RTM-00086,ARM-104;ARM-602;ARM-603;ARM-604;ARM-605;ARM-606;ARM-607;ARM-608;ARM-609;ARM-610,NS-9.5-05;NS-10.4-01;NS-10.8A-02,CR-062;CR-063;CR-064;CR-065;CR-066;CR-067;CR-068;CR-069;CR-086,41985462249804b53ce046e58642d61baf3184dcc8cd1957d58636191fa7e44a,2026-07-22,Authoritative DS-027 canonical Governance Receipt for non-refusal governance results. Structural Refusal remains exclusively documented by DS-028 Refusal Record.,2026-10-03,
DS-028,refusal_record.json,schemas/refusal_record.json,https://agcp.ai/schemas/refusal_record.json,Refusal Record,"Canonical attributable, integrity-protected, ledger-recorded, and replay-verifiable record documenting Structural Refusal and the governance basis that prevented a proposed transition from becoming operationally real. A Refusal Record is distinct from a policy denial, authorization failure, commit failure, transport error, warning, score, recommendation, or audit note.",Evidence and Provenance,JSON Schema,https://json-schema.org/draft/2020-12/schema,Implemented,Active,v2.1.0,DS-001;DS-007;DS-008;DS-015;DS-020;DS-026;DS-027;DS-029;DS-030;DS-032;DS-033;DS-038;DS-040;DS-053,DS-002;DS-011;DS-012;DS-014;DS-015;DS-019;DS-020;DS-022;DS-038;DS-039;DS-040,Exact DS-to-requirement assignments derived from the authoritative RTM-1.47 DS_ID column; the catalog records the corresponding RTM_ID and CR_ID sets without omission or addition.,RTM-00009;RTM-00053;RTM-00054;RTM-00055;RTM-00056;RTM-00057;RTM-00060;RTM-00087;RTM-00088,ARM-105;ARM-108;ARM-204;ARM-601;ARM-603;ARM-604;ARM-605;ARM-606;ARM-608;ARM-609;ARM-610;ARM-702;ARM-803;ARM-804,NS-6.4-04;NS-9.4-06;NS-9.6A-04,CR-009;CR-053;CR-054;CR-055;CR-056;CR-057;CR-060;CR-087;CR-088,33c7b36ee50ff068a763c784e150ef3b7b46de6fb2cf5f9934dc9dccd1de543f,2026-07-22,"Authoritative DS-028 canonical Refusal Record for Structural Refusal. Policy denial, authorization failure, commit failure, deferral, and re-evaluation remain non-refusal results unless a separate Structural Refusal is applied. RTM/CR traceability synchronized to RTM-1.47 by adding RTM-00009 and CR-009. Reverse schema dependency metadata synchronized to the active forward schema_dependencies graph in Schema Catalog 1.0.44.",2026-10-03,
DS-029,enforcement_context.json,schemas/enforcement_context.json,https://agcp.ai/schemas/enforcement_context.json,Enforcement Context,"Integrity-protected enforcement-facing context assembled by the Governance Realization Function for one exact commit-eligible governed transition. It binds the proposal, decision, Execution Authorization, current authority, current qualified state/evidence, target/action, PEP Profile and mapping, Governance Enforcement Binding, and PEP caller context without widening governance meaning.",Commit and Enforcement,JSON Schema,https://json-schema.org/draft/2020-12/schema,Implemented,Active,v2.1.0,DS-001;DS-006;DS-015;DS-017;DS-020;DS-024;DS-026;DS-030;DS-031;DS-032;DS-033;DS-034;DS-035;DS-036;DS-037;DS-038;DS-039;DS-041;DS-053,DS-014;DS-019;DS-020;DS-027;DS-028;DS-030;DS-040;DS-052,"Relationship-specific semantic mapping approved for Enforcement Context availability, Enforcement Decision Integrity, and Governance Enforcement Binding in RTM-1.24.",RTM-00019;RTM-00022;RTM-00024;RTM-00031;RTM-00032;RTM-00048;RTM-00059;RTM-00067;RTM-00068;RTM-00079;RTM-00080;RTM-00081;RTM-00084;RTM-00087;RTM-00096;RTM-00102;RTM-00107;RTM-00109;RTM-00118;RTM-00119;RTM-00120;RTM-00121;RTM-00122,ARM-203;ARM-210;ARM-211;ARM-212;ARM-213;ARM-401;ARM-601;ARM-702,NS-9.3-01;NS-9.3-02;NS-9.4-01;NS-9.4-02;NS-9.4-03;NS-9.4-04;NS-9.6A-03;NS-9.6A-04;NS-9.4-05;NS-9.4-06;NS-9.4-07;NS-9.4-08;NS-9.4-09;NS-9.6A-05;NS-9.6A-06,CR-019;CR-022;CR-024;CR-031;CR-032;CR-048;CR-059;CR-067;CR-068;CR-079;CR-080;CR-081;CR-084;CR-087;CR-096;CR-102;CR-107;CR-109;CR-118;CR-119;CR-120;CR-121;CR-122,b1deccbfcbe2a01d67be111df6132a7a93161d598e202394c766f547fe5248d0,2026-07-22,"Canonical DS-029 Enforcement Context assembled from the completed qualified governance basis and supplied to a specific Policy Enforcement Point. It preserves Governance Enforcement Binding, supports fail-closed mismatch detection, and does not replace source governance objects or independently create authority, authorization, execution, or commitment.",2026-10-03,
DS-030,governance_binding_validation_result.json,schemas/governance_binding_validation_result.json,https://agcp.ai/schemas/governance_binding_validation_result.json,Governance Binding Validation Result,"Canonical, independently identifiable and traceable result of determining immediately before enforcement and commitment whether the proposal remains bound to the same governance decision, execution authorization, current proposal-specific authority, qualified evidence, target, Tenant, governance domain, policy, qualified Canonical State, Derived Lifecycle State, scope, validity window, Governance Version, and applicable composite bind conditions previously evaluated by governance. It prevents substitution, detachment, cross-tenant transfer, stale or mismatched input use, invalid replay, and ungoverned partial binding. A valid result permits Enforcement Context assembly and continued Commit-Bound Admissibility processing but does not itself authorize execution, establish authority, apply enforcement, or commit a transition.",Commit and Enforcement,JSON Schema,https://json-schema.org/draft/2020-12/schema,Implemented,Active,v2.1.0,DS-001;DS-006;DS-015;DS-017;DS-020;DS-029;DS-031;DS-032;DS-033;DS-034;DS-035;DS-036;DS-037;DS-038;DS-041;DS-053,DS-014;DS-019;DS-020;DS-022;DS-027;DS-028;DS-029;DS-039;DS-040,"Relationship-specific semantic mapping approved for Governance Realization, composite pre-bind re-evaluation, and governed partial-binding continuity in RTM-1.23.",RTM-00022;RTM-00102;RTM-00107;RTM-00109;RTM-00120;RTM-00121,ARM-202;ARM-203;ARM-205;ARM-206;ARM-207;ARM-208;ARM-212;ARM-213,NS-9.6A-01;NS-9.6A-02;NS-9.6A-04;NS-9.6B-03;NS-9.6B-05;NS-9.4-07;NS-9.4-08;NS-9.6A-05;NS-9.6A-06,CR-022;CR-102;CR-107;CR-109;CR-120;CR-121,ce9e2ca6caa1c28df2803be327db5e6b306ce9c9595ad42c68e7892f7896eb83,2026-07-22,"Canonical DS-030 commit-time Governance Binding Validation result. It compares the previously evaluated binding with current qualified governance inputs across proposal, decision, authorization, authority, evidence, target, Tenant, policy, Canonical State, lifecycle, scope, validity, Governance Version, and composite bind conditions. It permits Enforcement Context assembly only when all applicable dimensions remain intact and does not itself authorize, enforce, or commit execution.",2026-10-03,
DS-031,resulting_state_validation_result.json,schemas/resulting_state_validation_result.json,https://agcp.ai/schemas/resulting_state_validation_result.json,Resulting-State Validation Result,"Canonical, independently identifiable and traceable result of validating before commitment that the state projected to result from one governed transition, a complete Bind Set, or an explicitly governed executable subset satisfies all applicable governance requirements. The result preserves constraints, invariants, dependency and coupling conditions, aggregate-state effects, qualified Canonical State, deterministic projection, attribution, integrity, and replay. It contributes to Commit-Bound Admissibility but does not establish authority, authorize execution, select an executable subset, or itself commit any transition.",Commit and Enforcement,JSON Schema,https://json-schema.org/draft/2020-12/schema,Implemented,Active,v2.1.0,DS-001;DS-006;DS-032;DS-033;DS-035;DS-036;DS-040,DS-014;DS-019;DS-020;DS-027;DS-029;DS-030;DS-037;DS-040;DS-052,Relationship-specific semantic mapping approved for Governance Realization support and explicit determination that a complete or partial transition set preserves acceptable projected resulting state in RTM-1.21.,RTM-00102;RTM-00109,ARM-205;ARM-206;ARM-207;ARM-208;ARM-216;ARM-217,NS-9.6B-01;NS-9.6B-02;NS-9.6B-04;NS-9.6B-05,CR-102;CR-109,058523ee4755b94e94b8a243dc2a8ca8003b7a0e4c58121af01daffe7245df6d,2026-07-22,"Canonical DS-031 pre-commit Resulting-State Validation. It evaluates deterministic projected aggregate state for a single transition, complete Bind Set, or explicitly governed executable subset; preserves constraints, invariants, dependency and coupling conditions; and blocks commitment when the state is invalid or indeterminate. It is not authority, authorization, subset selection, or commitment.",2026-10-03,
DS-032,state_qualification_result.json,schemas/state_qualification_result.json,https://agcp.ai/schemas/state_qualification_result.json,State Qualification Result,"Canonical, independently identifiable and traceable result of evaluating whether governance-relevant information is suitable for inclusion in or use as Canonical State for a defined evaluation horizon. The result records freshness, provenance, completeness, consistency, integrity, availability, conflict resolution, and ordering suitability; distinguishes qualified, not-qualified, and indeterminate outcomes; and prevents admissibility from proceeding when Canonical State suitability is not established.",Qualification,JSON Schema,https://json-schema.org/draft/2020-12/schema,Implemented,Active,v2.1.0,DS-001;DS-020,DS-011;DS-012;DS-015;DS-017;DS-020;DS-023;DS-028;DS-029;DS-030;DS-031;DS-034;DS-037;DS-039;DS-040,"Relationship-specific semantic mapping approved for Canonical State availability, freshness, conflict resolution, and pre-admissibility State Qualification requirements in RTM-1.16.",RTM-00048;RTM-00049;RTM-00050;RTM-00103,ARM-103;ARM-402;ARM-403;ARM-404;ARM-405;ARM-406;ARM-408,NS-4.6-01;NS-4.6-02;NS-7.4-01;NS-7.6A-01;NS-9.6A-01,CR-048;CR-049;CR-050;CR-103,2a540ebc37c18dc65f769daad00a8cb62a4325f4099c92250feae489d4316e17,2026-07-22,"Extracted from the transitional State Qualification model embedded in DS-023. DS-032 now records qualified, not-qualified, and indeterminate outcomes; DS-023 accepts only the qualified outcome. Reverse schema dependency metadata synchronized to the active forward schema_dependencies graph in Schema Catalog 1.0.44.",2026-10-03,
DS-033,evidence_qualification_result.json,schemas/evidence_qualification_result.json,https://agcp.ai/schemas/evidence_qualification_result.json,Evidence Qualification Result,"Canonical, independently identifiable and traceable result of determining whether the evidence required for a governance decision is sufficiently fresh, provenanced, integrity-verifiable, authoritative, resolvable, sufficient, and available for the specific proposal, action, target, tenant, policy, and evaluation horizon. Evidence that is not qualified cannot support admissibility or authority merely because an artifact or reference exists.",Qualification,JSON Schema,https://json-schema.org/draft/2020-12/schema,Implemented,Active,v2.1.0,DS-001;DS-006;DS-020;DS-024,DS-011;DS-012;DS-015;DS-017;DS-020;DS-022;DS-023;DS-026;DS-027;DS-028;DS-029;DS-030;DS-031;DS-034;DS-037;DS-039;DS-040,"Relationship-specific semantic mapping approved for evidence provenance, reference resolvability, sufficiency, integrity, change detection, availability, and pre-admissibility Evidence Qualification requirements in RTM-1.17.",RTM-00005;RTM-00041;RTM-00054;RTM-00064;RTM-00067;RTM-00068;RTM-00097,ARM-202;ARM-203;ARM-204;ARM-302;ARM-601;ARM-603;ARM-606;ARM-609;ARM-610,NS-6.4-02;NS-7.6A-01;NS-7.6A-02;NS-9.6A-01;NS-10.5-01;NS-10.5-02;NS-10.6-01;NS-10.6-02,CR-005;CR-041;CR-054;CR-064;CR-067;CR-068;CR-097,848bf6eb2cdbb78a33b5a4c0f3ae4d6f4d4acbc23fc15b0ada338cc55d536ce3,2026-07-22,"Canonical DS-033 Evidence Qualification result. The schema externalizes the transitional shared model, adds mandatory availability qualification, supports qualified, not-qualified, and indeterminate outcomes, and supplies the canonical qualified_evidence_ref used by active governance schemas. Reverse schema dependency metadata synchronized to the active forward schema_dependencies graph in Schema Catalog 1.0.44.",2026-10-03,
DS-034,authority_rederivation_result.json,schemas/authority_rederivation_result.json,https://agcp.ai/schemas/authority_rederivation_result.json,Authority Re-Derivation Result,"Canonical, independently identifiable and traceable result of re-deriving proposal-specific authority immediately before commitment from current qualified governance inputs. The result evaluates current Canonical State, Authority Lineage, Delegation Artifacts, Governance Approval Artifacts, qualified evidence, authorization, target, tenant, governance domain, lifecycle, scope, validity, revocation, subject eligibility, recursive containment, and cross-domain isolation. It precedes Commit-Bound Admissibility and Governance Binding Validation and does not itself grant permission to execute.",Authority,JSON Schema,https://json-schema.org/draft/2020-12/schema,Implemented,Active,v2.1.0,DS-001;DS-006;DS-007;DS-015;DS-017;DS-020;DS-024;DS-025;DS-026;DS-032;DS-033;DS-038;DS-041;DS-053,DS-014;DS-019;DS-020;DS-029;DS-030;DS-037;DS-039;DS-040,"Relationship-specific semantic mapping approved for current tenant and subject status, non-portable prior authorization, current Canonical State, continued governing assumptions, direct commit-time Authority Re-Derivation, Recursive Authority Containment, and Cross-Domain Authority Isolation requirements in RTM-1.18.",RTM-00024;RTM-00025;RTM-00031;RTM-00032;RTM-00033;RTM-00096;RTM-00115;RTM-00116,ARM-103;ARM-301;ARM-302;ARM-303;ARM-304;ARM-305;ARM-306;ARM-307;ARM-308;ARM-601;ARM-603;ARM-606;ARM-609;ARM-610,NS-8.6A-02;NS-9.6A-01;NS-12.1-01;NS-12.1-02;NS-12.2-01;NS-12.2-02;NS-12.3-01;NS-12.3-02;NS-12.4-01;NS-12.4-02;NS-12.4-03;NS-12.4-04;NS-12.5-01;NS-12.5-02;NS-12.6-02;NS-12.6-03;NS-12.7-03;NS-12.2-03;NS-12.6-06;NS-13.6B-10,CR-024;CR-025;CR-031;CR-032;CR-033;CR-096;CR-115;CR-116,e41c9a54b4dd47a2a6b845e50082a3654ebfd350ba29b13d788ce5d6ce670afd,2026-07-22,"Canonical DS-034 commit-time Authority Re-Derivation result. It consumes current qualified Canonical State and evidence, Authority Lineage, Delegation Artifacts, Governance Approval Artifacts, authorization, target, tenant, lifecycle, scope, validity, revocation, recursive-containment, and cross-domain conditions. It is proposal-specific, non-portable, and precedes Commit-Bound Admissibility and Governance Binding Validation.",2026-10-03,
DS-035,bind_set.json,schemas/bind_set.json,https://agcp.ai/schemas/bind_set.json,Bind Set,"Canonical, independently identifiable and traceable complete candidate collection of governed sub-transitions evaluated as a coordinated governance unit. A Bind Set preserves parent and sub-transition identity, target, Tenant, governance domain, declared coupling semantics, Governance Dependency Graph binding, aggregate-effect basis, and partial-binding policy. It supplies the complete evaluation context for coordinated binding but does not itself establish authority, authorize execution, determine Partial-Bind Admissibility, or approve an executable subset.",Composite Governance,JSON Schema,https://json-schema.org/draft/2020-12/schema,Implemented,Active,v2.1.0,DS-001;DS-006;DS-036,DS-014;DS-018;DS-019;DS-020;DS-021;DS-029;DS-030;DS-031;DS-036;DS-037;DS-040,"Relationship-specific semantic mapping approved for composite proposal representation, explicit coupling classification, and governed partial-bind consideration in RTM-1.20.",RTM-00105;RTM-00108;RTM-00109,ARM-205;ARM-206;ARM-207;ARM-208;ARM-216;ARM-217,NS-9.6B-01;NS-9.6B-02;NS-9.6B-03;NS-9.6B-05,CR-105;CR-108;CR-109,d98a575bec9588c47b03438e7b93316e0eba18a11edf41cafe943ca14be55eac,2026-07-22,"Canonical DS-035 complete candidate Bind Set. It preserves parent/sub-transition identity, targets, authority domains, coupling semantics, DS-036 dependency-graph binding, aggregate-effect basis, and declared partial-binding policy. It does not establish authority, authorize execution, determine Partial-Bind Admissibility, or approve an executable subset.",2026-10-03,
DS-036,governance_dependency_graph.json,schemas/governance_dependency_graph.json,https://agcp.ai/schemas/governance_dependency_graph.json,Governance Dependency Graph,"Canonical, independently identifiable and traceable structured representation of governance-significant dependency, prerequisite, ordering, authority, synchronization, consistency, execution, resource, policy, evidence, and state relationships among governed sub-transitions of a composite proposal. The graph makes dependencies explicit for composite evaluation, re-evaluation, Governance Binding Validation, Deterministic Adjudication, Partial-Bind Admissibility, Resulting-State Validation, coordinated enforcement, and replay. It does not itself establish authority, authorize execution, or determine partial-bind admissibility. Commit-sensitive dependency evaluation is performed by the Governance Realization Function as part of Commit-Bound Admissibility; the dependency graph is descriptive input and does not itself commit or enforce.",Composite Governance,JSON Schema,https://json-schema.org/draft/2020-12/schema,Implemented,Active,v2.1.0,DS-001;DS-006;DS-007;DS-008;DS-020;DS-024;DS-035;DS-038,DS-014;DS-018;DS-019;DS-020;DS-022;DS-029;DS-030;DS-031;DS-035;DS-037;DS-039;DS-040,Relationship-specific semantic mapping approved for explicit Governance Dependency Graph preservation and deterministic pre-bind re-evaluation following material dependency-condition change in RTM-1.19.,RTM-00106;RTM-00107,ARM-206;ARM-207;ARM-208;ARM-209;ARM-212;ARM-216;ARM-217;ARM-807,NS-9.6A-02;NS-9.6A-03;NS-9.6B-02;NS-9.6B-03;NS-9.6B-04;NS-9.6B-05;NS-13.3-01;NS-13.3-02;NS-13.4-01;NS-13.4-03;NS-16.3-01;NS-16.3-02;NS-16.4-01;NS-16.4-02;NS-16.4-03,CR-106;CR-107,5535c892869dfb60abc10a1e261a3a52bf47ee8687a48e4980911c1d8cb7ae67,2026-07-22,"Canonical DS-036 Governance Dependency Graph extracted from DS-021. It models explicit governed sub-transition nodes and typed dependency relationships, requires attributable graph validation and replay material, and mandates deterministic pre-bind re-evaluation after material dependency-condition change. It does not itself establish authority, authorize execution, or determine partial-bind admissibility.",2026-10-03,
DS-037,deterministic_adjudication_result.json,schemas/deterministic_adjudication_result.json,https://agcp.ai/schemas/deterministic_adjudication_result.json,Deterministic Adjudication Result,"Canonical, independently identifiable and traceable result of resolving which candidate, if any, may proceed toward commitment when multiple currently admissible transitions contend within the same governance horizon. The result operates on a complete Admissible Set and applies explicit governance-significant ordering, conflict, dependency, resource, priority, state, and policy conditions rather than arrival timing or implementation-specific behavior. It may select one properly bound transition, a validated executable subset, no candidate, or an indeterminate outcome. It contributes to Governance Evidence and commitment processing but does not itself establish authority, authorize execution, validate Governance Binding, or commit a transition. Adjudication remains subject to Governance Realization current admissibility and PEP mediation at the Commit Boundary.",Composite Governance,JSON Schema,https://json-schema.org/draft/2020-12/schema,Implemented,Active,v2.1.0,DS-001;DS-006;DS-015;DS-017;DS-020;DS-031;DS-032;DS-033;DS-034;DS-035;DS-036,DS-014;DS-018;DS-019;DS-020;DS-022;DS-027;DS-029;DS-030;DS-040,Exact DS-to-requirement assignments derived from the authoritative RTM-1.47 DS_ID column; the catalog records the corresponding RTM_ID and CR_ID sets without omission or addition.,RTM-00034;RTM-00094;RTM-00095,ARM-205;ARM-207;ARM-208;ARM-214;ARM-215;ARM-216;ARM-217,NS-7.6A-03,CR-034;CR-094;CR-095,d646a4c6a6994aeaea63acb5ba82520697c49ede71e1b8144ef21fb74ced06a8,2026-07-22,"Canonical DS-037 Deterministic Adjudication Result. It preserves a complete Admissible Set and resolves contention through explicit governance-significant ordering, conflict, dependency, resource, priority, state, and policy conditions. It prohibits arrival timing and implementation-specific behavior as governance bases and does not itself authorize, bind, or commit a transition. RTM/CR traceability synchronized to RTM-1.47 by adding RTM-00034 and CR-034.",2026-10-03,
DS-038,governance_lifecycle_record.json,schemas/governance_lifecycle_record.json,https://agcp.ai/schemas/governance_lifecycle_record.json,Governance Lifecycle Record,"Canonical attributable, integrity-protected record of a Governed Action Proposal lifecycle. DS-038 derives authoritative lifecycle state from ordered Governance Ledger records, preserves complete transition history and transition basis, distinguishes terminal from nonterminal state, records approval, refusal, expiration, cancellation, degradation, re-evaluation, recovery, commitment, and execution effects, and binds every lifecycle fact to stable Proposal Identity. It is not an uncontrolled mutable operational status flag and does not itself authorize execution. The lifecycle distinguishes commitment acceptance from later execution completion when operational realization is asynchronous.",Lifecycle and Continuation,JSON Schema,https://json-schema.org/draft/2020-12/schema,Implemented,Active,v2.1.0,DS-001;DS-006;DS-015;DS-017;DS-019;DS-020;DS-021;DS-026;DS-027;DS-028;DS-039;DS-040;DS-041;DS-052;DS-053,DS-006;DS-011;DS-012;DS-014;DS-017;DS-019;DS-020;DS-022;DS-023;DS-026;DS-027;DS-028;DS-029;DS-030;DS-034;DS-036;DS-039;DS-040;DS-041,"Direct semantic implementation of externally retrievable Derived Lifecycle State, exclusion of transient internal state, permitted transition integrity, lifecycle-eligible approval use, expiration and cancellation, terminal non-repeatable execution, provenance continuity, escalation integration, lifecycle integrity, and nonterminal degraded-state semantics.",RTM-00010;RTM-00011;RTM-00014;RTM-00017;RTM-00018;RTM-00023;RTM-00047;RTM-00059;RTM-00081;RTM-00091;RTM-00092;RTM-00093,ARM-106;ARM-801;ARM-802;ARM-803;ARM-804;ARM-805;ARM-806;ARM-807;ARM-808;ARM-809,NS-9.5-05;NS-10.8A-02;NS-10.8A-03,CR-010;CR-011;CR-014;CR-017;CR-018;CR-023;CR-047;CR-059;CR-081;CR-091;CR-092;CR-093,a4485a75806b14471e4d5773ab67cd537f64903bb337eaaa56de79c3a22809bb,2026-07-22,"Implemented for AGCP v2.0. DS-038 owns lifecycle record, lifecycle state, transition, terminality, and canonical lifecycle reference definitions. It derives lifecycle state from ordered ledger records, preserves complete transition basis and history, blocks transient-state exposure, makes executed Proposal Identity terminal and non-repeatable, and records degradation and governed re-evaluation without itself authorizing execution. Reverse schema dependency metadata synchronized to the active forward schema_dependencies graph in Schema Catalog 1.0.44.",2026-10-03,
DS-039,continuation_integrity_result.json,schemas/continuation_integrity_result.json,https://agcp.ai/schemas/continuation_integrity_result.json,Continuation Integrity Result,"Canonical attributable and integrity-protected result of Continuation Integrity processing for a nonterminal Governed Action Proposal before final Commit-Bound Admissibility is resolved. DS-039 verifies that the proposal-specific governance basis remains current, synchronized, and sufficiently qualified; evaluates material governance-condition changes and affected-proposal selection under active risk-based governance configuration; tracks Admissible Path Viability; records degradation, commitment suspension, governed re-evaluation, recovery, restoration, or terminal disposition; preserves Proposal Identity and governance lineage; and prevents prior authorization from being treated as unconditional future execution authority. It does not itself authorize execution, establish authority at commitment, bypass Commit-Bound Admissibility, or commit a transition. IAS account/role/entitlement changes map to AUTHORITY_CHANGE. IAS Profile or PEP Profile selection/mapping changes map to GOVERNANCE_CONFIGURATION_CHANGE.",Lifecycle and Continuation,JSON Schema,https://json-schema.org/draft/2020-12/schema,Implemented,Active,v2.1.0,DS-001;DS-006;DS-017;DS-020;DS-021;DS-022;DS-023;DS-024;DS-027;DS-028;DS-030;DS-032;DS-033;DS-034;DS-036;DS-038;DS-040;DS-041,DS-014;DS-018;DS-020;DS-027;DS-029;DS-038;DS-040,"Direct semantic implementation of degraded-state detection, nonterminal degradation, required re-evaluation before authorization retention or commitment, continuation-basis preservation, admissible-path viability, degradation detection, governed recovery, composite dependency re-evaluation, and active risk-based re-evaluation.",RTM-00091;RTM-00092;RTM-00093;RTM-00098;RTM-00099;RTM-00100;RTM-00101;RTM-00107;RTM-00122,ARM-103;ARM-106;ARM-209;ARM-301;ARM-308;ARM-603;ARM-606;ARM-609;ARM-610;ARM-704;ARM-801;ARM-802;ARM-803;ARM-806;ARM-807;ARM-808;ARM-809,NS-8.2-03;NS-8.5-03;NS-10.8A-02;NS-12.5-02;NS-12.6-02;NS-13.1-01;NS-13.1-02;NS-13.2-01;NS-13.2-02;NS-13.2-03;NS-13.2-04;NS-13.3-01;NS-13.3-02;NS-13.4-01;NS-13.4-02;NS-13.4-03;NS-13.4-04;NS-13.4-05;NS-13.4-06;NS-13.5-01;NS-13.5-02;NS-13.5-03;NS-13.5-04;NS-13.6-03;NS-13.6-04;NS-13.6-05;NS-13.6C-01;NS-13.6C-02;NS-13.6C-03;NS-13.6C-04,CR-091;CR-092;CR-093;CR-098;CR-099;CR-100;CR-101;CR-107;CR-122,4ccd2073b309da618f4216382a392f27e1cf77392f70e3cfb20b4d35a69f73bf,2026-07-22,"Implemented for AGCP v2.0. DS-039 owns Continuation Integrity result identity, outcomes, path-viability status, degradation, material-change assessment, risk-based re-evaluation, recovery, and canonical result references. It applies only to nonterminal pre-commit proposals and cannot authorize execution or bypass Commit-Bound Admissibility.",2026-10-03,
DS-040,governance_ledger_event.json,schemas/governance_ledger_event.json,https://agcp.ai/schemas/governance_ledger_event.json,Governance Ledger Event,"Canonical attributable, append-only, integrity-linked, totally ordered Governance Ledger event. DS-040 records or references governance submissions, context and state records, evidence and qualification results, authority and approvals, decisions and authorizations, refusals, commitments, enforcement outcomes, lifecycle transitions, continuation events, governance compilation and activation, and associated evidence. It preserves authoritative event ordering within an explicit ledger stream, supports per-proposal and dependent-event reconstruction, Derived Lifecycle State, deterministic replay, audit reconstruction, tenant isolation, cryptographic integrity, correction by subsequent event rather than mutation, and long-term verification. Timestamps, arrival order, storage order, node identity, and transport behavior are never authoritative ordering bases. A Governance Ledger event records governance history; it does not itself establish authority at commitment, authorize execution, alter the referenced artifact, or replace qualified authoritative sources used to resolve Canonical State.",Evidence and Provenance,JSON Schema,https://json-schema.org/draft/2020-12/schema,Implemented,Active,v2.1.0,DS-001;DS-006;DS-007;DS-008;DS-015;DS-017;DS-018;DS-019;DS-020;DS-021;DS-022;DS-023;DS-024;DS-026;DS-027;DS-028;DS-029;DS-030;DS-031;DS-032;DS-033;DS-034;DS-035;DS-036;DS-037;DS-038;DS-039;DS-041;DS-042;DS-043;DS-052;DS-053,DS-001;DS-004;DS-010;DS-020;DS-023;DS-027;DS-028;DS-031;DS-038;DS-039;DS-043;DS-052,Exact DS-to-requirement assignments derived from the authoritative RTM-1.47 DS_ID column; the catalog records the corresponding RTM_ID and CR_ID sets without omission or addition.,RTM-00008;RTM-00009;RTM-00030;RTM-00034;RTM-00041;RTM-00047;RTM-00056;RTM-00057;RTM-00059;RTM-00062;RTM-00063;RTM-00064;RTM-00065;RTM-00066;RTM-00067;RTM-00068;RTM-00069;RTM-00081;RTM-00082;RTM-00083;RTM-00084;RTM-00085;RTM-00086;RTM-00091;RTM-00098,ARM-101;ARM-102;ARM-105;ARM-106;ARM-108;ARM-202;ARM-203;ARM-204;ARM-205;ARM-206;ARM-207;ARM-208;ARM-209;ARM-210;ARM-211;ARM-216;ARM-217;ARM-401;ARM-408;ARM-601;ARM-602;ARM-603;ARM-604;ARM-605;ARM-606;ARM-607;ARM-608;ARM-609;ARM-610;ARM-801;ARM-806;ARM-807,NS-4.6-03;NS-4.6-05;NS-5.2.5-01;NS-10.1-01;NS-10.1-02;NS-10.2-01;NS-10.2-02;NS-10.2-03;NS-10.3-01;NS-10.3-02;NS-10.4-01;NS-10.4-02;NS-10.5-01;NS-10.5-02;NS-10.6-01;NS-10.6-02;NS-10.7-01;NS-10.7-02;NS-10.7-03;NS-10.8-01;NS-10.8-02;NS-10.8-03;NS-10.8A-01;NS-10.8A-02;NS-10.8A-03;NS-10.9-01;NS-10.9-02;NS-10.9-03;NS-13.6A-01,CR-008;CR-009;CR-030;CR-034;CR-041;CR-047;CR-056;CR-057;CR-059;CR-062;CR-063;CR-064;CR-065;CR-066;CR-067;CR-068;CR-069;CR-081;CR-082;CR-083;CR-084;CR-085;CR-086;CR-091;CR-098,bf2631796c4bd4261340e77c6d3b1cfed81c6dc8cd2f3b7bbfed854978d4437a,2026-07-22,"Implemented for AGCP v2.0. DS-040 owns Governance Ledger identity, event identity, event type, authoritative ledger position, append-only and hash-chain controls, explicit causal ordering, typed artifact references, correction-by-subsequent-event semantics, retention events, and canonical event references. It is not a general application log and does not itself authorize execution or replace authoritative Canonical State sources. RTM/CR traceability synchronized to RTM-1.47 by adding RTM-00008;RTM-00009;RTM-00034 and CR-008;CR-009;CR-034.",2026-10-03,
DS-041,governance_configuration.json,schemas/governance_configuration.json,https://agcp.ai/schemas/governance_configuration.json,Governance Configuration,"Canonical, independently identifiable, attributable, versioned, integrity-protected, and evaluation-available representation of all governance-significant configuration applicable to a defined Tenant, governance domain, scope, and Governance Version. It makes runtime governance settings explicit, prohibits hidden or implicit configuration from influencing governance decisions, preserves controlled change and activation requirements, and includes the active deterministic risk-based re-evaluation configuration used to identify affected nonterminal proposals when material governance conditions change. Governance Configuration does not itself establish authority at commitment, authorize execution, or activate compiled governance.",Governance Compilation,JSON Schema,https://json-schema.org/draft/2020-12/schema,Implemented,Active,v2.1.0,DS-001;DS-006;DS-020;DS-026;DS-038;DS-043,DS-001;DS-004;DS-005;DS-006;DS-007;DS-008;DS-009;DS-010;DS-011;DS-012;DS-015;DS-017;DS-020;DS-022;DS-029;DS-030;DS-034;DS-038;DS-039;DS-040;DS-042;DS-043,"Direct semantic implementation of configuration transparency, controlled self-modification isolation, and active risk-based re-evaluation configuration.",RTM-00117;RTM-00122,ARM-209;ARM-501;ARM-503;ARM-506;ARM-507;ARM-512;ARM-704;ARM-705;ARM-706;ARM-709,NS-13.2-04;NS-13.3-01;NS-13.4-01;NS-13.4-03;NS-13.4-04;NS-13.4-05;NS-13.7-02;NS-15.6A-04;NS-15.6B-01;NS-15.6B-02;NS-15.7-02;NS-17.5-03;NS-17.5-04,CR-117;CR-122,2650e422b7ac4bdcf237684afa23631597ec9d4927444417aadff540c1ccedfd,2026-07-22,"Implemented for AGCP v2.0. Canonical reference ownership moved from common.json to DS-041. Active configurations require explicit settings, deterministic risk-based re-evaluation rules, external change control, integrity, availability, and controlled activation binding. Reverse schema dependency metadata synchronized to the active forward schema_dependencies graph in Schema Catalog 1.0.44.",2026-10-03,
DS-042,compiled_governance_artifact.json,schemas/compiled_governance_artifact.json,https://agcp.ai/schemas/compiled_governance_artifact.json,Compiled Governance Artifact,"Canonical, independently identifiable, versioned, attributable, traceable, integrity-protected, machine-evaluable output of Governance Compilation. It preserves the originating governance intent and all applicable constraints, invariants, refusal paths, escalation semantics, evidence requirements, authority rules, commit meaning, compilation context, dependency set, and derivation lineage. It records Constitutional Validation, Governance Omission Analysis, Governance Self-Protection, and activation eligibility, but does not itself establish authority at commitment, determine Commit-Bound Admissibility, authorize execution, or activate governance.",Governance Compilation,JSON Schema,https://json-schema.org/draft/2020-12/schema,Implemented,Active,v2.1.0,DS-001;DS-007;DS-008;DS-020;DS-026;DS-041;DS-044,DS-005;DS-006;DS-007;DS-008;DS-009;DS-010;DS-040;DS-043,"Direct semantic implementation of Governance Compilation, Compiled Governance Artifact, Constitutional Validation, constitutional safeguard preservation, Governance Self-Protection, and Governance Omission Analysis.",RTM-00110;RTM-00111;RTM-00112;RTM-00113;RTM-00114,ARM-501;ARM-502;ARM-503;ARM-504;ARM-505;ARM-506;ARM-507;ARM-508;ARM-509;ARM-510;ARM-511;ARM-512,NS-15.6A-01;NS-15.6A-02;NS-15.6A-03,CR-110;CR-111;CR-112;CR-113;CR-114,5da50676019e44e7a90b73ac383cf1d021601d115321881f8f29e03f2c9d68bc,2026-07-22,"Implemented for AGCP v2.0. DS-042 owns the Compiled Governance Artifact identifier and reference. It records deterministic compilation, semantic preservation, complete lineage, constitutional validation, omission analysis, self-protection, and activation eligibility without itself activating governance or authorizing execution.",2026-10-03,
DS-043,controlled_governance_activation.json,schemas/controlled_governance_activation.json,https://agcp.ai/schemas/controlled_governance_activation.json,Controlled Governance Activation,"Canonical, independently identifiable, version-controlled, attributable, integrity-protected record of the governed operation through which an externally approved and constitutionally validated governance package becomes authoritative for runtime evaluation. It establishes package identity, Governance Version, provenance, approval, effective scope, activation evidence, atomicity, prior-version preservation, and rollback basis as one coherent operation. It remains distinct from execution authorization, Commit-Bound Admissibility, and transition commitment.",Governance Compilation,JSON Schema,https://json-schema.org/draft/2020-12/schema,Implemented,Active,v2.1.0,DS-001;DS-020;DS-026;DS-040;DS-041;DS-042,DS-001;DS-004;DS-005;DS-006;DS-007;DS-008;DS-009;DS-010;DS-040;DS-041,"Direct semantic implementation of pre-activation validation, protected-governance preservation at activation, atomic Controlled Governance Activation, prior-version preservation, rollback, and externally authorized self-modification isolation.",RTM-00111;RTM-00112;RTM-00113;RTM-00114;RTM-00117,ARM-506;ARM-507;ARM-508;ARM-509;ARM-510;ARM-511;ARM-512,NS-15.6A-03;NS-15.6A-04;NS-15.6B-02,CR-111;CR-112;CR-113;CR-114;CR-117,02840dea425e77a6be5b30e8185b8ec31ef08e72b2991441990e14badaea1adc,2026-07-22,"Implemented for AGCP v2.0. DS-043 owns the Controlled Governance Activation record and reference. It requires a complete DS-042 package, external DS-026 approval, successful constitutional validation and omission analysis, atomic activation, Governance Version establishment, prior-version preservation on failure, rollback basis, activation evidence, provenance, integrity, and replay material.",2026-10-03,
DS-044,registry_document.schema.json,schemas/registry_document.schema.json,https://agcp.ai/schemas/registry_document.schema.json,AGCP Registry Document,"Canonical validator for AGCP controlled-registry documents. It binds stable registry and entry identity, release and lifecycle state, integrity, direct entry-level NS/CR traceability, release-level architectural traceability, registry rules, field definitions, and typed entries without allowing a registry to alter Core normative behavior independently.",Registry Validation,JSON Schema,https://json-schema.org/draft/2020-12/schema,Implemented,Active,v2.1.0,DS-001,DS-003;DS-004;DS-005;DS-006;DS-007;DS-008;DS-042,"Direct structural validation for registry documents and contextual support for governing-constraint identification, deterministic evaluation, and Governance Compilation registry-release binding.",RTM-00004;RTM-00063;RTM-00076;RTM-00110,ARM-101;ARM-105;ARM-108;ARM-204;ARM-401;ARM-501;ARM-502;ARM-503;ARM-504;ARM-505;ARM-506;ARM-508;ARM-509;ARM-601;ARM-602;ARM-604;ARM-608;ARM-701;ARM-706,NS-4.15-01;NS-5.2.1-01;NS-6.1-01;NS-6.1-02;NS-6.2-02;NS-6.3-01;NS-6.3-02;NS-6.4-01;NS-6.4-03;NS-6.5-01;NS-6.6-01;NS-6.6-02;NS-6.6-03;NS-6.7-01;NS-6.7-02;NS-6.7-03;NS-7.2-01;NS-7.5-02;NS-7.5-03;NS-7.5-05;NS-7.7-01;NS-7.7-02;NS-7.7-03;NS-15.6A-01;NS-15.6A-04,CR-004;CR-063;CR-076;CR-110,3d599604e0027fbd42d4734d87a2de1f7b51802ea9f5d0289f9969c1a0facf4c,2026-07-22,"Implemented for AGCP v2.0 registry cleanup. DS-044 owns canonical registry-document and registry-reference definitions. Authoritative payloads reside only under registries/ and include release, lifecycle, integrity, traceability, and typed-entry controls. Entry-level REG identifiers and direct NS/CR traceability are now mandatory for typed and generic registry entries.",2026-10-03,
DS-045,governance_approval_submission.json,schemas/governance_approval_submission.json,https://agcp.ai/schemas/governance_approval_submission.json,Governance Approval Submission,"Untrusted ingress command for submitting approval, adjudication, cosignature, risk-acceptance, cancellation, withdrawal, or quorum-participation content to AGCP. The submission carries claimant-provided content and provenance only. It is not a Governance Approval Artifact, does not establish verification, eligibility, quorum completion, lifecycle effect, Canonical State qualification, authority, ledger ordering, or permission to execute.",Approval and Adjudication,JSON Schema,https://json-schema.org/draft/2020-12/schema,Implemented,Active,v2.1.0,DS-001;DS-006;DS-026,,"Direct IF-001 ingress mapping for approval, adjudication, cosignature, quorum, cancellation, withdrawal, and escalation commands; DS-045 is untrusted submission content and DS-026 remains the authoritative record.",RTM-00012;RTM-00013;RTM-00014;RTM-00015;RTM-00016;RTM-00017;RTM-00018;RTM-00058;RTM-00059;RTM-00060;RTM-00061,ARM-107;ARM-202;ARM-302;ARM-304;ARM-305;ARM-308;ARM-601;ARM-603;ARM-609;ARM-610;ARM-804;ARM-805,NS-8.6A-02;NS-10.8A-03;NS-13.6B-01;NS-13.6B-02;NS-13.6B-03;NS-13.6B-04;NS-13.6B-05;NS-13.6B-06;NS-13.6B-07;NS-13.6B-08;NS-13.6B-09,CR-012;CR-013;CR-014;CR-015;CR-016;CR-017;CR-018;CR-058;CR-059;CR-060;CR-061,abcb7a0303e0e7a55e59e452c00c5f0427f66482514c8b7d136bd0aaf53a1d21,2026-08-03,"Implemented for P0-06 command-versus-authoritative-record separation. DS-045 accepts claimant content and provenance only; additionalProperties:false rejects AGCP-derived verification, eligibility, quorum, lifecycle, evidence, digest, replay, and ledger assertions. IF-001 accepts DS-045 and never accepts DS-026 as request content.",2026-10-03,
DS-046,governance_observation_event.json,schemas/governance_observation_event.json,https://agcp.ai/schemas/governance_observation_event.json,AGCP Governance Observation Event,Read-only attributable observation emitted by an AGCP Governance Observation Point. Observation records support correlation to management/test-control causes and to the authoritative runtime sources actually consumed by governed processing.,Governance Observability,JSON Schema,https://json-schema.org/draft/2020-12/schema,Implemented,Active,v2.1.0,,,Supporting management/test-control schema introduced by AGCP v2.1.0; no independent CR/RTM mapping is created solely by this supporting interface artifact.,,ARM-901;ARM-903,,,133518ef98d2ca20b613716bbf7c5d8ebccba8f02d4361fad1cc865808b0c97b,2026-08-15,v2.1.0 corrected management-plane contract: observations support test-scope/correlation/condition/source binding.,2026-10-03,
DS-047,management_capabilities_response.json,schemas/management_capabilities_response.json,https://agcp.ai/schemas/management_capabilities_response.json,AGCP Management Capabilities Response,"Machine-readable discovery of implemented observation, actuation, and test-control capabilities, including whether each advertised surface is actually bound to governed runtime processing rather than merely accepting or recording requests. Runtime binding declarations are truth claims: BOUND is permitted only when the corresponding source or actuation adapter is connected to the ordinary governed runtime path and has passed the supporting coupling checks.",Governance Management,JSON Schema,https://json-schema.org/draft/2020-12/schema,Implemented,Active,v2.1.0,,,Supporting management/test-control schema introduced by AGCP v2.1.0; no independent CR/RTM mapping is created solely by this supporting interface artifact.,,ARM-903;ARM-905,,,1b6bafd146265c9374fe4024f1f2de931db6eaa7a11cfb8a8520a02dc13fb395,2026-08-15,v2.1.0 corrected contract: truthful BOUND/RECORD_ONLY/UNBOUND discovery and source/actuation readback requirements.,2026-08-15,
DS-048,governance_actuation_request.json,schemas/governance_actuation_request.json,https://agcp.ai/schemas/governance_actuation_request.json,AGCP Governance Actuation Request,Authenticated management request to introduce a typed controlled governance input or administrative transition without directly mutating downstream governance results. requested_condition is type-bound to actuation_type.,Governance Management,JSON Schema,https://json-schema.org/draft/2020-12/schema,Implemented,Active,v2.1.0,,,Supporting management/test-control schema introduced by AGCP v2.1.0; no independent CR/RTM mapping is created solely by this supporting interface artifact.,,ARM-902;ARM-903,,,9b31fe2ce2a2aeb5305f8c16d48b0c3390c04b0974851168cdf5f65f9de89e11,2026-08-15,v2.1.0 corrected management-plane contract: actuation payloads are type-specific.,2026-08-15,
DS-049,governance_actuation_result.json,schemas/governance_actuation_result.json,https://agcp.ai/schemas/governance_actuation_result.json,AGCP Governance Actuation Result,Result and readback record for a Governance Actuation Request. Request acceptance is explicitly distinct from authoritative realization. A 2xx response or acceptance_status=ACCEPTED does not mean the requested condition is effective.,Governance Management,JSON Schema,https://json-schema.org/draft/2020-12/schema,Implemented,Active,v2.1.0,,,Supporting management/test-control schema introduced by AGCP v2.1.0; no independent CR/RTM mapping is created solely by this supporting interface artifact.,,ARM-902;ARM-903,,,161522c69ed45b75d7c348274b8d810e1596ea0c1179a14b8d38f4c9acc9f4b7,2026-08-15,v2.1.0 corrected management-plane contract: acceptance and authoritative realization are separate.,2026-08-15,
DS-050,test_control_request.json,schemas/test_control_request.json,https://agcp.ai/schemas/test_control_request.json,AGCP Test Control Request,"Explicit test-only request to establish or reset an isolated conformance-test condition. Every non-reset control has a type-specific fixture payload and may establish inputs only, never the expected governance conclusion.",Conformance Test Control,JSON Schema,https://json-schema.org/draft/2020-12/schema,Implemented,Active,v2.1.0,DS-001,,Supporting management/test-control schema introduced by AGCP v2.1.0; no independent CR/RTM mapping is created solely by this supporting interface artifact.,,ARM-904;ARM-905,,,af87cace7933ca95577d98a1ad4df146b2b77dddb5594676a7b89ddcd6978059,2026-08-15,v2.1.0 corrected contract: typed non-reset controls; optional correlation_id is omitted when absent and JSON null is prohibited.,2026-10-03,
DS-051,test_control_result.json,schemas/test_control_result.json,https://agcp.ai/schemas/test_control_result.json,AGCP Test Control Result,"Attributable result and readback record for an isolated AGCP test control. Acceptance, effective runtime binding, and observed consumption are separate states. EFFECTIVE means the scoped runtime source adapter will consume the condition for matching governed requests; it does not mean the condition has already been exercised.",Conformance Test Control,JSON Schema,https://json-schema.org/draft/2020-12/schema,Implemented,Active,v2.1.0,,,Supporting management/test-control schema introduced by AGCP v2.1.0; no independent CR/RTM mapping is created solely by this supporting interface artifact.,,ARM-904;ARM-905,,,1a73f2398a7da6cc553dd19955019db10b331e5a63d33e11b0c19c0f83108fa5,2026-08-15,v2.1.0 corrected contract: acceptance/effect/consumption separation; optional correlation_id is omitted when absent and JSON null is prohibited.,2026-10-03,
DS-052,governed_execution_outcome.json,schemas/governed_execution_outcome.json,https://agcp.ai/schemas/governed_execution_outcome.json,Governed Execution Outcome,"Canonical attributable post-commit operational outcome for a governed transition. It distinguishes commitment from later target realization, including asynchronous, partial, failed, cancelled, or indeterminate operational outcomes.",Execution and Evidence,JSON Schema,https://json-schema.org/draft/2020-12/schema,Implemented,Active,v2.1.0,DS-001;DS-019;DS-020;DS-021;DS-029;DS-031;DS-040,DS-014;DS-019;DS-020;DS-022;DS-027;DS-038;DS-040,Exact DS-to-requirement assignments synchronized from authoritative RTM-1.47 DS_ID rows.,RTM-00023;RTM-00047;RTM-00067;RTM-00079;RTM-00081;RTM-00082;RTM-00085;RTM-00086,ARM-211;ARM-212;ARM-213;ARM-601;ARM-702,NS-9.5-02;NS-9.5-05;NS-10.3-01;NS-10.4-01;NS-10.8A-02;NS-10.8A-03,CR-023;CR-047;CR-067;CR-079;CR-081;CR-082;CR-085;CR-086,f402eebeba121b07dd2c2d92ed6452ca4fc2e090be024ceb94b964de7c78ba66,2026-10-03,Separates commitment from post-commit operational execution.,2026-10-03,
DS-053,identity_authorization_qualification_result.json,schemas/identity_authorization_qualification_result.json,https://agcp.ai/schemas/identity_authorization_qualification_result.json,Identity and Authorization Qualification Result,"Canonical result of resolving an authenticated subject against the implementation-selected Identity and Authorization Store Profile. It records authoritative identity, account status, tenant/domain relationships, roles, groups, entitlements, governance authorization attributes, reviewer classes, scope, validity, freshness, revocation state, source basis, and qualification evidence. These authorization and entitlement attributes are governance inputs and are not AGCP Execution Authorization.",Identity and Authority Qualification,JSON Schema,https://json-schema.org/draft/2020-12/schema,Implemented,Active,v2.1.0,DS-001;DS-020;DS-024;DS-025,DS-011;DS-012;DS-014;DS-015;DS-017;DS-018;DS-020;DS-022;DS-024;DS-026;DS-028;DS-029;DS-030;DS-034;DS-038;DS-040,Exact DS-to-requirement assignments synchronized from authoritative RTM-1.47 DS_ID rows.,RTM-00045;RTM-00065;RTM-00071;RTM-00096,ARM-107;ARM-301;ARM-302;ARM-308;ARM-804,NS-4.12-01;NS-4.12A-01;NS-4.12A-02;NS-6.4-04;NS-6.4-05;NS-12.2-03;NS-12.3-01;NS-12.4-01;NS-13.6B-07;NS-13.6B-08;NS-13.6B-09;NS-17.5-04,CR-045;CR-065;CR-071;CR-096,4b267b03f1d024e70534ab13e6d6fce4d10a244849497164c4560aab202adaf7,2026-10-03,Authoritative identity/account/authorization/entitlement qualification; distinct from Execution Authorization.,2026-10-03,
DS-016,,,,Human Review Artifact Identifier — Retired,Permanently retired DS identifier formerly used for a Human Review Artifact compatibility schema. DS-026 Governance Approval Artifact is the sole active approval and adjudication schema.,Retired Identifier,Retired DS Identifier Record,,Retired,Historical,v2.1.0,,,,,,,,,2026-07-22,,,
