reg_id,registry_id,registry_file,registry_kind,entry_identifier,entry_status,introduced_in_release,ns_refs,cr_refs,entry_digest
REG-001,REG-CONSTRAINT-TYPE,registries/constraint-type-registry.json,CONSTRAINT_TYPE,STRUCTURAL_COMPLETENESS,ACTIVE,v2.0.0,NS-6.3-01;NS-6.3-02;NS-6.4-02,CR-036;CR-037;CR-038;CR-043,05218aec60d9d70a2f09dfe8dc9b071255712f96c1e81cb3c3a145257f808686
REG-002,REG-CONSTRAINT-TYPE,registries/constraint-type-registry.json,CONSTRAINT_TYPE,SCHEMA_CONFORMANCE,ACTIVE,v2.0.0,NS-6.4-02;NS-6.7-02,CR-004,729ae32cc6531898511fe6affe60c9435a6eed24de48cb550c95ae02cee47953
REG-003,REG-CONSTRAINT-TYPE,registries/constraint-type-registry.json,CONSTRAINT_TYPE,PROVENANCE_VALIDITY,ACTIVE,v2.0.0,NS-6.4-02;NS-10.5-01;NS-10.8A-03,CR-005;CR-045;CR-047,8c49f1c7858291c0895018a460521215fe2a044ed0e3f25da9f5275c68a42389
REG-004,REG-CONSTRAINT-TYPE,registries/constraint-type-registry.json,CONSTRAINT_TYPE,TENANT_SCOPE,ACTIVE,v2.0.0,NS-11.4-01;NS-11.4-02;NS-11.5-01;NS-11.5-02,CR-026;CR-027;CR-028;CR-029;CR-030,20787ea783f8a8dcf24df6f6df14a0a4526b12ddbd85b7254bcc40f1d36ef361
REG-005,REG-CONSTRAINT-TYPE,registries/constraint-type-registry.json,CONSTRAINT_TYPE,GOVERNANCE_DOMAIN_SCOPE,ACTIVE,v2.0.0,NS-14.1-01;NS-14.4-01;NS-14.4-02,CR-072;CR-116,15be09713e546f72b8141481fb5c1b015f0c5a577d73af4938547274597841af
REG-006,REG-CONSTRAINT-TYPE,registries/constraint-type-registry.json,CONSTRAINT_TYPE,TENANT_STATE_ADMISSIBILITY,ACTIVE,v2.0.0,NS-7.4-03;NS-11.1-01,CR-006;CR-024;CR-025,30898bddc4668d810126a29144c910ef684486fad2047367a67f6c9df98d0f8e
REG-007,REG-CONSTRAINT-TYPE,registries/constraint-type-registry.json,CONSTRAINT_TYPE,CANONICAL_STATE_AVAILABILITY,ACTIVE,v2.0.0,NS-4.6-01;NS-7.4-01,CR-048,98e76ff3a0eab44fd0168844503bda88878c536b33c6e09c16f3aa8b0ddbc39a
REG-008,REG-CONSTRAINT-TYPE,registries/constraint-type-registry.json,CONSTRAINT_TYPE,CANONICAL_STATE_INTEGRITY,ACTIVE,v2.0.0,NS-4.6-01;NS-4.6-02;NS-4.6-04;NS-7.4-01,CR-049;CR-050;CR-051;CR-052;CR-103;CR-104,467c2ecec4d45b1a9e439b9ffbdca7b5d3113260b49875365b7fb5cab0ebb2d5
REG-009,REG-CONSTRAINT-TYPE,registries/constraint-type-registry.json,CONSTRAINT_TYPE,POLICY_RESOLUTION_COMPLETENESS,ACTIVE,v2.0.0,NS-7.3-02;NS-7.4-01,CR-007;CR-029,c328c2ded7a799a9731e2a987cf7b285c7aac772c9087f08c27a013261b39843
REG-010,REG-CONSTRAINT-TYPE,registries/constraint-type-registry.json,CONSTRAINT_TYPE,POLICY_MODULE_VALIDITY,ACTIVE,v2.0.0,NS-5.2.1-01;NS-15.3-02;NS-15.4-01,CR-075;CR-110;CR-113,8fdefd8aee3049649a6ecb59ec7f13b59d605c486f745f88b571b5761fb48f31
REG-011,REG-CONSTRAINT-TYPE,registries/constraint-type-registry.json,CONSTRAINT_TYPE,AUTHORITY_LINEAGE_VALIDITY,ACTIVE,v2.0.0,NS-12.1-01;NS-12.4-01;NS-12.4-03,CR-040;CR-044;CR-096;CR-115,34b966049f31765a33c1f82343e5737b034f9a0ab8901b98ad3784775c07008f
REG-012,REG-CONSTRAINT-TYPE,registries/constraint-type-registry.json,CONSTRAINT_TYPE,DELEGATION_CONSTRAINTS,ACTIVE,v2.0.0,NS-12.2-02;NS-12.4-01;NS-12.4-02,CR-040;CR-044;CR-072;CR-115;CR-116,d4bcb0f58f379785a1f16b6deca4efda46293dce348edf9817307f311eee69ba
REG-013,REG-CONSTRAINT-TYPE,registries/constraint-type-registry.json,CONSTRAINT_TYPE,GOVERNANCE_APPROVAL_REQUIREMENT,ACTIVE,v2.0.0,NS-7.5-01;NS-13.6B-01,CR-002;CR-014;CR-015;CR-016;CR-017;CR-018;CR-058,4b02b3de03e08352a95f0db8dd4e225e5a943351712bc5dd86b5b11b94823d8a
REG-014,REG-CONSTRAINT-TYPE,registries/constraint-type-registry.json,CONSTRAINT_TYPE,GOVERNANCE_APPROVAL_QUORUM,ACTIVE,v2.0.0,NS-13.6B-02;NS-13.6B-03,CR-012;CR-013;CR-058;CR-059;CR-060,66c55d77bec52f563aa26153b1662fffb80d68b70b3b468da79c2d312562c91e
REG-015,REG-CONSTRAINT-TYPE,registries/constraint-type-registry.json,CONSTRAINT_TYPE,EXCEPTION_VALIDITY,ACTIVE,v2.0.0,NS-15.2-02;NS-15.4-02;NS-15.6B-02,CR-112;CR-113;CR-117,60c1417f0641eeaf0127cdc3b801381b459e41e4dd087f08f77917bb1e836803
REG-016,REG-CONSTRAINT-TYPE,registries/constraint-type-registry.json,CONSTRAINT_TYPE,ACTION_REPRESENTATION_IMMUTABILITY,ACTIVE,v2.0.0,NS-6.6-01;NS-9.4-01,CR-019;CR-022;CR-074,1ec999a298d3e318ff5c4844e077fa3d6aeb064d29e405a5bcb7ccac9952c78c
REG-017,REG-CONSTRAINT-TYPE,registries/constraint-type-registry.json,CONSTRAINT_TYPE,GOVERNANCE_CONTEXT_VALIDITY,ACTIVE,v2.0.0,NS-6.6-01;NS-6.6A-02;NS-9.4-01,CR-046;CR-070;CR-071,c2bcb02ece8f312e2ebdefc577a24473d36078846b105dd55f5de5291614a7e8
REG-018,REG-CONSTRAINT-TYPE,registries/constraint-type-registry.json,CONSTRAINT_TYPE,EXECUTION_AUTHORIZATION_VALIDITY,ACTIVE,v2.0.0,NS-8.4-01;NS-8.4-02;NS-8.5-02,CR-019;CR-020;CR-021;CR-022;CR-023;CR-061,b77b5ee83772758026728a6cbeea914b466c4ae9db0cc6edb5ae11eca2700c3e
REG-019,REG-CONSTRAINT-TYPE,registries/constraint-type-registry.json,CONSTRAINT_TYPE,COMMIT_BOUNDARY_PREREQUISITES,ACTIVE,v2.0.0,NS-9.3-02;NS-9.4-01;NS-9.6A-01,CR-019;CR-020;CR-021;CR-084;CR-096;CR-103,4b6181000e61bb4487dfd9697ed59d9b56bf5e3395f524ce84814e328c50ffa7
REG-020,REG-CONSTRAINT-TYPE,registries/constraint-type-registry.json,CONSTRAINT_TYPE,CONTINUATION_ADMISSIBILITY,ACTIVE,v2.0.0,NS-13.1-01;NS-13.2-02;NS-13.4-01;NS-13.4-03,CR-091;CR-092;CR-093;CR-098;CR-099;CR-100;CR-101;CR-122,63798527a296f967949616068cee8ed931c99a99fc9048eb6aa9727fc045d0f5
REG-021,REG-CONSTRAINT-TYPE,registries/constraint-type-registry.json,CONSTRAINT_TYPE,GOVERNANCE_EVIDENCE_COMPLETENESS,ACTIVE,v2.0.0,NS-10.2-02;NS-10.4-01;NS-10.8-01,CR-041;CR-054;CR-056;CR-062;CR-063;CR-064;CR-065;CR-066;CR-067;CR-068;CR-069;CR-085;CR-086;CR-097,fca31c5f10e5b3bc07e8b5ad9bc233f15ddb7efc3bfe559012d7abda58d3406a
REG-022,REG-CONSTRAINT-TYPE,registries/constraint-type-registry.json,CONSTRAINT_TYPE,GOVERNANCE_EVIDENCE_INTEGRITY,ACTIVE,v2.0.0,NS-10.5-01;NS-10.5-02,CR-041;CR-056;CR-064;CR-065;CR-066;CR-067;CR-068;CR-069;CR-085;CR-086;CR-097,954eb7b35ac5396170e0c6e41949a8d902f86cb4cf0fbae8d17feb0fafd78546
REG-023,REG-CONSTRAINT-TYPE,registries/constraint-type-registry.json,CONSTRAINT_TYPE,DETERMINISTIC_REPLAY_ADMISSIBILITY,ACTIVE,v2.0.0,NS-10.7-01;NS-10.7-02;NS-10.7-03,CR-008;CR-057;CR-066;CR-082;CR-085;CR-086,67a6a2bd4f6c2fd79ec5ba8eef397b759f253ccc73b3b5ca663b7c325759ab25
REG-024,REG-CONSTRAINT-TYPE,registries/constraint-type-registry.json,CONSTRAINT_TYPE,GOVERNANCE_ARTIFACT_INTEGRITY,ACTIVE,v2.0.0,NS-15.1-01;NS-15.4-01;NS-15.4-02,CR-110;CR-111;CR-112;CR-113;CR-114;CR-117,8ee64889c5bf03eafefe72502f3c2a4e11d385bde3857536d019f79b0f2661ff
REG-025,REG-CONSTRAINT-TYPE,registries/constraint-type-registry.json,CONSTRAINT_TYPE,GOVERNANCE_ARTIFACT_ACTIVATION_PREREQUISITES,ACTIVE,v2.0.0,NS-15.3-02;NS-15.4-01;NS-15.4-02;NS-15.6A-04,CR-110;CR-111;CR-112;CR-113;CR-114;CR-117,075b6e0abe0a5a4fd8ea2c961a3e85f501d52a3cb7660d65879c5de4259eaf31
REG-026,REG-CONSTRAINT-TYPE,registries/constraint-type-registry.json,CONSTRAINT_TYPE,COORDINATION_PARTICIPANT_AUTHORITY,ACTIVE,v2.0.0,NS-16.4-01;NS-16.6A-02;NS-16.7-02,CR-115;CR-116;CR-118,5b5b9abb2762d1c58128f4b6e547ee51d67f3a7d3faec9405dc1579d16edd9b1
REG-027,REG-INVARIANT-TYPE,registries/invariant-type-registry.json,INVARIANT_TYPE,DETERMINISTIC_GOVERNANCE,ACTIVE,v2.0.0,NS-5.2.1-01;NS-5.2.1-02;NS-5.2.6-01,CR-008;CR-034;CR-073;CR-074;CR-075;CR-076;CR-077;CR-078;CR-089;CR-090,8ec37cd1e9348ed097a1bec0831f1b7f21a6cc3fa11662e236e56e5368f2c6a0
REG-028,REG-INVARIANT-TYPE,registries/invariant-type-registry.json,INVARIANT_TYPE,GOVERNANCE_DECISION_INTEGRITY,ACTIVE,v2.0.0,NS-7.4-01;NS-7.4-02;NS-7.5-03;NS-7.6-01,CR-001;CR-002;CR-003;CR-053;CR-054;CR-055;CR-075;CR-076;CR-083;CR-104;CR-120,c7edcbc132fe6fae87b7bd0047c27627ff8247a02de42ed73aae656ae0672189
REG-029,REG-INVARIANT-TYPE,registries/invariant-type-registry.json,INVARIANT_TYPE,EXECUTION_AUTHORIZATION_INTEGRITY,ACTIVE,v2.0.0,NS-4.11-01;NS-8.2-02;NS-8.4-01;NS-8.6-01,CR-019;CR-020;CR-021;CR-022;CR-023;CR-061;CR-096;CR-120;CR-121,063083e905073813d1cab3fa5bf2a58067177c79345c64ee8a985c65838734e0
REG-030,REG-INVARIANT-TYPE,registries/invariant-type-registry.json,INVARIANT_TYPE,COMMIT_BOUNDARY_INTEGRITY,ACTIVE,v2.0.0,NS-4.7-01;NS-9.4-02;NS-9.4-03;NS-9.6-04,CR-019;CR-020;CR-021;CR-022;CR-023;CR-024;CR-025;CR-079;CR-080;CR-084;CR-088;CR-119;CR-120;CR-121,ee59f39952f0dc3e8f2e8de1bc16be62095f53105dc451d93ed2bc32dbecf8fb
REG-031,REG-INVARIANT-TYPE,registries/invariant-type-registry.json,INVARIANT_TYPE,CANONICAL_STATE_INTEGRITY,ACTIVE,v2.0.0,NS-4.6-01;NS-4.6-02;NS-4.6-04;NS-7.4-01,CR-042;CR-048;CR-049;CR-050;CR-051;CR-052;CR-062;CR-083;CR-084;CR-103;CR-104,962490e77b84b0ba14d190d77a9e8783eeb2b75bb0af0f386d36e55d64faa25e
REG-032,REG-INVARIANT-TYPE,registries/invariant-type-registry.json,INVARIANT_TYPE,CANONICAL_STATE_AUTHORITY,ACTIVE,v2.0.0,NS-4.6-02;NS-5.2.5-03;NS-7.4-01,CR-046;CR-051;CR-083;CR-084;CR-103;CR-104,082acaaea12d707c73d96a9f2d285e8b55acaeb5075ad37130cb3825e9206071
REG-033,REG-INVARIANT-TYPE,registries/invariant-type-registry.json,INVARIANT_TYPE,GOVERNANCE_EVIDENCE_INTEGRITY,ACTIVE,v2.0.0,NS-10.2-02;NS-10.5-01;NS-10.5-02,CR-041;CR-047;CR-056;CR-064;CR-065;CR-066;CR-067;CR-068;CR-069;CR-085;CR-086;CR-097,196fcea997e642a0806dbb73323c112f9c2eee7bd17ff6a5acf144045124d1fa
REG-034,REG-INVARIANT-TYPE,registries/invariant-type-registry.json,INVARIANT_TYPE,GOVERNANCE_EVIDENCE_COMPLETENESS,ACTIVE,v2.0.0,NS-10.1-02;NS-10.4-01;NS-10.8-01,CR-041;CR-054;CR-062;CR-063;CR-064;CR-065;CR-066;CR-067;CR-068;CR-069;CR-085;CR-086;CR-097,612bc744a9c78a371bcb49909b6d807ce69d00c9bf2480a598d6eaf9c40158d0
REG-035,REG-INVARIANT-TYPE,registries/invariant-type-registry.json,INVARIANT_TYPE,AUTHORITY_LINEAGE_INTEGRITY,ACTIVE,v2.0.0,NS-4.4-01;NS-12.1-01;NS-12.4-03,CR-040;CR-044;CR-065;CR-072;CR-096;CR-115;CR-116,47ca1c73b063e5ac6f104df4b5736380e8efdb847a40d508db786cbab40487ea
REG-036,REG-INVARIANT-TYPE,registries/invariant-type-registry.json,INVARIANT_TYPE,AUTHORITY_NON_EXPANSION,ACTIVE,v2.0.0,NS-12.4-02;NS-12.7-02;NS-16.6A-02,CR-027;CR-028;CR-029;CR-072;CR-115;CR-116;CR-118,28cfd3ec2595eef128718cf2439b01a5497272559ebc653ecb4c26363c921831
REG-037,REG-INVARIANT-TYPE,registries/invariant-type-registry.json,INVARIANT_TYPE,TENANT_ISOLATION,ACTIVE,v2.0.0,NS-11.4-01;NS-11.4-02;NS-11.7-02,CR-026;CR-027;CR-028;CR-029;CR-030,ddccc4b008c64ba2e213cea91667a7f9e438181902c93fe0dd87df847d7a1279
REG-038,REG-INVARIANT-TYPE,registries/invariant-type-registry.json,INVARIANT_TYPE,GOVERNANCE_DOMAIN_ISOLATION,ACTIVE,v2.0.0,NS-14.1-01;NS-14.4-01;NS-14.7-02,CR-072;CR-116;CR-118,e9c42e2017bfc728277f3f0aa68ad4f8f1f60c03b378581c9d1e9678f5828ad5
REG-039,REG-INVARIANT-TYPE,registries/invariant-type-registry.json,INVARIANT_TYPE,GOVERNANCE_CONFIGURATION_INTEGRITY,ACTIVE,v2.0.0,NS-15.4-01;NS-15.6B-01;NS-15.7-02,CR-091;CR-092;CR-093;CR-110;CR-113;CR-117;CR-122,11f5dbe5cb2bec81b2e44d575a644909e5c40b74b2a8c2c71a7fce99e66967d7
REG-040,REG-INVARIANT-TYPE,registries/invariant-type-registry.json,INVARIANT_TYPE,IMPLEMENTATION_INDEPENDENCE,ACTIVE,v2.0.0,NS-5.2.6-01;NS-5.9-02;NS-17.2-03,CR-073;CR-075;CR-077;CR-078;CR-089;CR-090,02076ed3aa2ffcfeb12fef275902e83eef5e1bab0dd78a5c3f24169f17cf3a3c
REG-041,REG-INVARIANT-TYPE,registries/invariant-type-registry.json,INVARIANT_TYPE,GOVERNANCE_PIPELINE_ORDERING,ACTIVE,v2.0.0,NS-5.3-01;NS-5.3-02;NS-5.3-03,CR-001;CR-002;CR-003;CR-011;CR-019;CR-020;CR-021;CR-081,a461031ffac51c5f9f934c0f88f8982e6207c9fee16e8dfd99acb12cd90f5c72
REG-042,REG-INVARIANT-TYPE,registries/invariant-type-registry.json,INVARIANT_TYPE,LIFECYCLE_INTEGRITY,ACTIVE,v2.0.0,NS-13.6A-01;NS-13.6A-04;NS-13.6A-05,CR-011;CR-017;CR-018;CR-023;CR-061;CR-081;CR-082;CR-091;CR-092;CR-093;CR-098;CR-099;CR-100;CR-101;CR-122,99b49030afa01b93405c26381aa1fe67db23ca912498f4de2d83e0936492332d
REG-043,REG-INVARIANT-TYPE,registries/invariant-type-registry.json,INVARIANT_TYPE,QUALIFIED_PROPOSAL_IMMUTABILITY,ACTIVE,v2.0.0,NS-6.6-01;NS-6.6A-02;NS-9.4-01,CR-022;CR-035;CR-046;CR-067;CR-070;CR-071;CR-074,77fe8b7d4ac9474a37ecb05bb158892ca9996a48404f6cb803023bf1d12a96de
REG-044,REG-INVARIANT-TYPE,registries/invariant-type-registry.json,INVARIANT_TYPE,GOVERNANCE_APPROVAL_GOVERNANCE,ACTIVE,v2.0.0,NS-13.6B-01;NS-13.6B-02;NS-13.6B-03;NS-13.6B-05;NS-13.6B-06,CR-002;CR-012;CR-013;CR-014;CR-015;CR-016;CR-017;CR-018;CR-058;CR-059;CR-060;CR-061;CR-072,18077edd521da6f79468db08076df574a01dd0fa7d788f73f43d17b3d0e13353
REG-045,REG-INVARIANT-TYPE,registries/invariant-type-registry.json,INVARIANT_TYPE,COMMIT_AUTHORIZATION_BINDING,ACTIVE,v2.0.0,NS-9.4-02;NS-9.6A-02;NS-9.6A-04,CR-019;CR-022;CR-023;CR-032;CR-084;CR-096;CR-120;CR-121,00d447e00c15f19b6a149b2d347887871cf8ec45e2e0b5d44a8821d9a1e2fb09
REG-046,REG-INVARIANT-TYPE,registries/invariant-type-registry.json,INVARIANT_TYPE,CONTINUATION_INTEGRITY,ACTIVE,v2.0.0,NS-13.1-01;NS-13.1-02;NS-13.4-01;NS-13.6-05,CR-035;CR-061;CR-067;CR-068;CR-069;CR-070;CR-071;CR-091;CR-092;CR-093;CR-098;CR-099;CR-100;CR-101;CR-122,dce38dfa7a9d60538681a831f28021e177540ce6b5c81fe891e3561f35d200e9
REG-047,REG-INVARIANT-TYPE,registries/invariant-type-registry.json,INVARIANT_TYPE,DEGRADED_STATE_SAFETY,ACTIVE,v2.0.0,NS-13.5-02;NS-13.5-03;NS-13.5-04,CR-091;CR-092;CR-093;CR-100;CR-101;CR-122,39dfc2cce99fcd6d0c533e744dc176ca68999fec78ceca767230dccb529298d3
REG-048,REG-INVARIANT-TYPE,registries/invariant-type-registry.json,INVARIANT_TYPE,GOVERNANCE_ARTIFACT_VALIDATION,ACTIVE,v2.0.0,NS-15.3-02;NS-15.4-01;NS-15.4-02,CR-110;CR-111;CR-112;CR-113;CR-114;CR-117,2e00cf176713ae469a0c27ed1d15bf1ee09492239fabb5ac1ddb587cd5e7cc29
REG-049,REG-INVARIANT-TYPE,registries/invariant-type-registry.json,INVARIANT_TYPE,GOVERNANCE_ARTIFACT_NON_WEAKENING,ACTIVE,v2.0.0,NS-15.6A-02;NS-15.6A-03;NS-15.6B-02,CR-111;CR-112;CR-113;CR-114;CR-117,3445692ea1723f1123908231ed68df8fd00a01b2129dffcc6364c10fd24548b9
REG-050,REG-INVARIANT-TYPE,registries/invariant-type-registry.json,INVARIANT_TYPE,GOVERNANCE_BYPASS_PREVENTION,ACTIVE,v2.0.0,NS-5.2.3-02;NS-9.6-04;NS-15.4-01,CR-019;CR-020;CR-021;CR-079;CR-080;CR-088;CR-102;CR-113;CR-119;CR-120;CR-121,cdeef8e15b2f27b5f9a87b92e1c7f8cd39e33c5089740bffa4975bb1e5b35971
REG-051,REG-INVARIANT-TYPE,registries/invariant-type-registry.json,INVARIANT_TYPE,AUTONOMOUS_COORDINATION_INTEGRITY,ACTIVE,v2.0.0,NS-16.4-01;NS-16.4-02;NS-16.6A-01;NS-16.6A-02;NS-16.6A-03,CR-105;CR-106;CR-107;CR-108;CR-109;CR-115;CR-116;CR-118,082bcb65f30fc9b97aeccd6a5e89a52fcbe89b17556cd364036c57ca5261b16c
REG-052,REG-INVARIANT-TYPE,registries/invariant-type-registry.json,INVARIANT_TYPE,ATOMIC_COORDINATED_OUTCOME,ACTIVE,v2.0.0,NS-16.4-03;NS-16.5-02;NS-16.6-02,CR-105;CR-106;CR-107;CR-108;CR-109;CR-118,1f755991b6ced63891cda146f82ae4ca4c728dfbeab34fdfc5a76a125d678469
REG-053,REG-REJECTION-CODE,registries/rejection-code-registry.json,REJECTION_CODE,IDEMPOTENCY_CONFLICT,ACTIVE,v2.0.0,NS-6.6A-01,CR-009,a30f51397a0aa59685c6156e3923d905f31a8001baefeff5b35f52f29f63c3c4
REG-054,REG-REJECTION-CODE,registries/rejection-code-registry.json,REJECTION_CODE,SCHEMA_VALIDATION_FAILED,ACTIVE,v2.0.0,NS-6.4-02;NS-6.7-02,CR-004,6f5fddb469b2eef3c4629cedaaf5c4771583d0221c49cbebbae01b7273cc23eb
REG-055,REG-REJECTION-CODE,registries/rejection-code-registry.json,REJECTION_CODE,PROVENANCE_INVALID,ACTIVE,v2.0.0,NS-6.4-02;NS-10.5-01,CR-005;CR-047,02e32ac1663a53086616c72b52b79841a363cc2c6fb2f5b9375874abaaf2eca3
REG-056,REG-REJECTION-CODE,registries/rejection-code-registry.json,REJECTION_CODE,TENANT_STATE_INVALID,ACTIVE,v2.0.0,NS-7.4-03,CR-006;CR-024;CR-025,2a7d82c71b388466cd49adff3d55b193b5224f65fa543b0d48a50ab99fd0ba83
REG-057,REG-REJECTION-CODE,registries/rejection-code-registry.json,REJECTION_CODE,TENANT_SCOPE_VIOLATION,ACTIVE,v2.0.0,NS-11.4-02;NS-11.5-03,CR-026;CR-027;CR-028;CR-029;CR-030,d1b83db7f5f4d63f6be900321e0cc946c69e52f16ab4ae1cbab61598fc8f7934
REG-058,REG-REJECTION-CODE,registries/rejection-code-registry.json,REJECTION_CODE,GOVERNANCE_DOMAIN_VIOLATION,ACTIVE,v2.0.0,NS-14.1-01;NS-14.5-02,CR-072;CR-116,c182f9d1945231db94d84dad8755de8b105e3cb7623d60c79894287758ba8623
REG-059,REG-REJECTION-CODE,registries/rejection-code-registry.json,REJECTION_CODE,RESOURCE_NOT_FOUND,ACTIVE,v2.0.0,NS-11.5-03;NS-13.6A-02,CR-010;CR-026,ff8fc3d0ab961fa9a3f462bb505b51bd2fd0ffe597476736891ed1c947b839fd
REG-060,REG-REJECTION-CODE,registries/rejection-code-registry.json,REJECTION_CODE,PROPOSAL_NOT_FOUND,ACTIVE,v2.0.0,NS-11.5-03;NS-13.6A-02,CR-010;CR-026,45abc4f7af38ea22451234bf817bd2cabeb70382c31e67e444a9d1c4a65daced
REG-061,REG-REJECTION-CODE,registries/rejection-code-registry.json,REJECTION_CODE,AUTHORIZATION_NOT_FOUND,ACTIVE,v2.0.0,NS-9.3-01;NS-9.3-02,CR-022,510bd0e6044c46754e393f431ead3111571fc8bf1b81b2f1ca09066c9b29ff56
REG-062,REG-REJECTION-CODE,registries/rejection-code-registry.json,REJECTION_CODE,GOVERNANCE_EVIDENCE_NOT_FOUND,ACTIVE,v2.0.0,NS-10.6-01;NS-10.6-02,CR-041;CR-068,d5ae6ac51bfc7b73266368affe4f04228b5eecdbcb7e51598db42452ee26618c
REG-063,REG-REJECTION-CODE,registries/rejection-code-registry.json,REJECTION_CODE,GOVERNANCE_ARTIFACT_NOT_FOUND,ACTIVE,v2.0.0,NS-15.3-01;NS-15.6-01,CR-110;CR-113,20d733350a9b63852581d576e2536ea7f6e4efd42c6dea140878150801dad49f
REG-064,REG-REJECTION-CODE,registries/rejection-code-registry.json,REJECTION_CODE,POLICY_NOT_FOUND,ACTIVE,v2.0.0,NS-7.3-02;NS-7.4-01,CR-007;CR-029,8cd2a10a5d90483a5917819d46ce0c6b64c2263247ef3297aec7cbd424be21cf
REG-065,REG-REJECTION-CODE,registries/rejection-code-registry.json,REJECTION_CODE,POLICY_MODULE_UNAVAILABLE,ACTIVE,v2.0.0,NS-7.3-02;NS-7.4-01,CR-007;CR-075,b1601ee881023e45bec743c6d3dd113a3d373921c41df2401328b045cbe9370b
REG-066,REG-REJECTION-CODE,registries/rejection-code-registry.json,REJECTION_CODE,POLICY_MODULE_NONDETERMINISTIC,ACTIVE,v2.0.0,NS-5.2.1-01;NS-15.7-03,CR-075;CR-076;CR-078;CR-110;CR-113,9cd685231c41fa0149764ad76e5419e5524b21d1dac4cc3fe79c6bd6708a2f9a
REG-067,REG-REJECTION-CODE,registries/rejection-code-registry.json,REJECTION_CODE,POLICY_EVALUATION_OUTPUT_INVALID,ACTIVE,v2.0.0,NS-7.5-02;NS-7.5-03,CR-075;CR-076;CR-104,5eb50ccd10deb00471ebe6776ebca7d1a971f0762766974f7f30345e5c532790
REG-068,REG-REJECTION-CODE,registries/rejection-code-registry.json,REJECTION_CODE,PROPOSAL_STRUCTURAL_REFUSAL,ACTIVE,v2.0.0,NS-6.3-02;NS-6.5-01;NS-6.5-02,CR-003;CR-036;CR-037;CR-038;CR-043;CR-087,ea06224a408bc2e2f8409b772a20f112f67845355985c79b1bd20c00730a0ee1
REG-069,REG-REJECTION-CODE,registries/rejection-code-registry.json,REJECTION_CODE,GOVERNANCE_DENIED,ACTIVE,v2.0.0,NS-7.5-01;NS-7.5-02,CR-003;CR-053;CR-054;CR-055;CR-087,2411dfdeebd95e59603a27f50589371dda98ce08111b415af596a7e826c65f49
REG-070,REG-REJECTION-CODE,registries/rejection-code-registry.json,REJECTION_CODE,GOVERNANCE_APPROVAL_REQUIRED,ACTIVE,v2.0.0,NS-7.5-01;NS-13.6B-01,CR-002;CR-012;CR-058,78f483b24753b399961cb54834ed2de37dc5657bb655107a3fa3d94d0e121ad7
REG-071,REG-REJECTION-CODE,registries/rejection-code-registry.json,REJECTION_CODE,GOVERNED_REEVALUATION_REQUIRED,ACTIVE,v2.0.0,NS-8.5-03;NS-13.4-03;NS-13.5-01,CR-035;CR-093;CR-107;CR-122,1543900ab503f7221026ba77bfb3c66cde0b47832698f8b2e5ce9c5183cc2353
REG-072,REG-REJECTION-CODE,registries/rejection-code-registry.json,REJECTION_CODE,AUTHORIZATION_FAILURE,ACTIVE,v2.0.0,NS-8.5-01;NS-8.5-02,CR-020;CR-021;CR-061,676794031eebce7c166641afb29820cbf93b04bddbefbf7c3af0616a54778a58
REG-073,REG-REJECTION-CODE,registries/rejection-code-registry.json,REJECTION_CODE,EXECUTION_AUTHORIZATION_INVALID,ACTIVE,v2.0.0,NS-8.4-01;NS-9.4-01,CR-022;CR-023;CR-032;CR-096,f9291557645fb0a0390db7fcaf565723e15f749fa258ee068becbfde075330be
REG-074,REG-REJECTION-CODE,registries/rejection-code-registry.json,REJECTION_CODE,ACTION_NOT_AUTHORIZED,ACTIVE,v2.0.0,NS-9.2-01;NS-9.5-03,CR-020;CR-021;CR-080;CR-088,9e34cd64a9bc336476841af090dbcfa1c113aa102d9697a21e1eba5fa1b17c8f
REG-075,REG-REJECTION-CODE,registries/rejection-code-registry.json,REJECTION_CODE,COMMIT_BOUNDARY_REQUIRED,ACTIVE,v2.0.0,NS-4.7-01;NS-9.1-02,CR-019;CR-079;CR-080;CR-102,ba56a968e1e6ce01bf929b2864190fe6b6ef97ac8b18260cd9d18be6644b783a
REG-076,REG-REJECTION-CODE,registries/rejection-code-registry.json,REJECTION_CODE,COMMIT_BOUNDARY_FAILED,ACTIVE,v2.0.0,NS-9.4-01;NS-9.5-01;NS-9.5-03,CR-019;CR-020;CR-021;CR-022;CR-023;CR-024;CR-025;CR-080;CR-084;CR-088,7ac5b70332db6e44e10445e3b35d7b1389a080e30a5b9f3e7a6c22782cc72989
REG-077,REG-REJECTION-CODE,registries/rejection-code-registry.json,REJECTION_CODE,ACTION_REPRESENTATION_MUTATED,ACTIVE,v2.0.0,NS-6.6-01;NS-9.4-01,CR-022;CR-074,9a46a586cbd18251677af1ce93cc115705d73ebaf923db45e5e0a3294b84d1e2
REG-078,REG-REJECTION-CODE,registries/rejection-code-registry.json,REJECTION_CODE,GOVERNANCE_CONTEXT_INVALID,ACTIVE,v2.0.0,NS-6.6A-02;NS-9.4-01,CR-046;CR-070;CR-071,6328bf495b5ab7a080631ab9db86a4e7fea1ab13d35a58e798af3e865bbb2f0d
REG-079,REG-REJECTION-CODE,registries/rejection-code-registry.json,REJECTION_CODE,CANONICAL_STATE_INVALID,ACTIVE,v2.0.0,NS-4.6-01;NS-4.6-04;NS-7.4-01,CR-042;CR-049;CR-050;CR-051;CR-052;CR-055;CR-103;CR-104,787bb72b58b3773219f06f2496be77452fc692cbf0c858867969907e51f2a8d5
REG-080,REG-REJECTION-CODE,registries/rejection-code-registry.json,REJECTION_CODE,CANONICAL_STATE_UNAVAILABLE,ACTIVE,v2.0.0,NS-7.4-01,CR-048,b7d4aff60435a040b66defb2718ef4dbfb88d15989f525c8184b0ab1cdc88ae4
REG-081,REG-REJECTION-CODE,registries/rejection-code-registry.json,REJECTION_CODE,AUTHORITY_LINEAGE_INVALID,ACTIVE,v2.0.0,NS-12.1-01;NS-12.4-01;NS-12.4-03,CR-040;CR-044;CR-065;CR-096;CR-115;CR-116,731f53ad942a878d4646f03026ac3ac567c10f463e8d132bbfa75b8a3ed42d4b
REG-082,REG-REJECTION-CODE,registries/rejection-code-registry.json,REJECTION_CODE,AUTHORITY_REVOKED,ACTIVE,v2.0.0,NS-12.4-01;NS-12.5-02,CR-024;CR-025;CR-096,083b7a9f37ae4478a88a55f453115415749bad9cc1bc83dbc19206e4a3f3aafb
REG-083,REG-REJECTION-CODE,registries/rejection-code-registry.json,REJECTION_CODE,AUTHORITY_REPLAY_DETECTED,ACTIVE,v2.0.0,NS-12.4-01;NS-12.7-02,CR-023;CR-044;CR-115,f6977ca998ba7a71534620dbb250bc7dea6a2fe57b5dde75bb2a2990da3a3b06
REG-084,REG-REJECTION-CODE,registries/rejection-code-registry.json,REJECTION_CODE,GOVERNANCE_APPROVAL_INVALID,ACTIVE,v2.0.0,NS-13.6B-01,CR-014;CR-016;CR-058,f3295cc0640e825564234175ad4bffc5079a5a45274aa3351d11ff3d2d64953d
REG-085,REG-REJECTION-CODE,registries/rejection-code-registry.json,REJECTION_CODE,GOVERNANCE_APPROVAL_EXPIRED,ACTIVE,v2.0.0,NS-13.6B-05;NS-13.6B-06,CR-015;CR-017;CR-061,f1bbe22d5d98bb3efe32ace0019f46cae37663012b463069c8b07e8b1d84675a
REG-086,REG-REJECTION-CODE,registries/rejection-code-registry.json,REJECTION_CODE,GOVERNANCE_ARTIFACT_INVALID,ACTIVE,v2.0.0,NS-15.4-01;NS-15.4-02;NS-15.5-02,CR-110;CR-111;CR-112;CR-113;CR-114,59c433e05b8575c36c0885b03ba3c74f7e90f943e650d55d6f39e1aba302c696
REG-087,REG-REJECTION-CODE,registries/rejection-code-registry.json,REJECTION_CODE,GOVERNANCE_ARTIFACT_UNAUTHORIZED,ACTIVE,v2.0.0,NS-15.4-01;NS-15.7-03,CR-113;CR-117,fc0b988f53d32c0ad11516637ae7f11148c8cac7541267a00f4a93709370be22
REG-088,REG-REJECTION-CODE,registries/rejection-code-registry.json,REJECTION_CODE,GOVERNANCE_ARTIFACT_ACTIVATION_DENIED,ACTIVE,v2.0.0,NS-15.3-02;NS-15.5-02;NS-15.6A-04,CR-110;CR-111;CR-112;CR-113;CR-114;CR-117,e361d742681d5bd5a53425c353f0de67fd85c7f41b9a95c6a9eb8b294d16edd8
REG-089,REG-REJECTION-CODE,registries/rejection-code-registry.json,REJECTION_CODE,GOVERNANCE_EVIDENCE_INCOMPLETE,ACTIVE,v2.0.0,NS-10.2-02;NS-10.4-01,CR-041;CR-054;CR-062;CR-063;CR-064;CR-065;CR-066;CR-067;CR-068;CR-069;CR-097,5d0f5e038c7fb287aa36815a1b06abab84e657be887784fc0726642ab4e42cdd
REG-090,REG-REJECTION-CODE,registries/rejection-code-registry.json,REJECTION_CODE,GOVERNANCE_EVIDENCE_INVALID,ACTIVE,v2.0.0,NS-10.5-01;NS-10.5-02,CR-041;CR-056;CR-064;CR-065;CR-066;CR-067;CR-068;CR-069;CR-097,108275fa5e411238af79ab469a8ddad50b68a719b9c6e49d1af0a42080bde11e
REG-091,REG-REJECTION-CODE,registries/rejection-code-registry.json,REJECTION_CODE,REPLAY_REJECTED,ACTIVE,v2.0.0,NS-10.7-01;NS-10.7-02;NS-10.7-03,CR-008;CR-057;CR-066;CR-082;CR-085;CR-086,68f03e9237d96bb6a037f5f6e9c1879220a7af4874e87cbf65f6f1bdd81ade0f
REG-092,REG-REJECTION-CODE,registries/rejection-code-registry.json,REJECTION_CODE,INTERNAL_ERROR,ACTIVE,v2.0.0,NS-5.2.6-01;NS-7.5-02,CR-073;CR-090,b19854313c0ef78f1a8f9426d1fc5eb2fc65b4c7907e7bc1c405dd38d137a6ff
